path,ext,size_bytes,mtime
L:\02_Duchenne Muscular Dystrophy\Adina\240126_AVG60_tissue dissociation.lif,.lif,1807431035,2024-01-29
L:\02_Duchenne Muscular Dystrophy\Adina\241225_AVG63_day1Adult_head+mid.lif,.lif,5163573291,2024-12-25
L:\02_Duchenne Muscular Dystrophy\Adina\241226_AVG84_dys-1ERsc_day5A_smooth muscles.lif,.lif,4349316777,2025-03-14
L:\02_Duchenne Muscular Dystrophy\Adina\241226_AVG85_day5A_smooth muscles.lif,.lif,3555775639,2025-03-14
L:\02_Duchenne Muscular Dystrophy\Adina\Confocal\221203_AVG57.lif,.lif,56408913,2022-12-03
L:\02_Duchenne Muscular Dystrophy\Adina\Confocal\221204_AVG53.lif,.lif,1604103359,2022-12-04
L:\02_Duchenne Muscular Dystrophy\Adina\Confocal\221205_AVG39.lif,.lif,3478702333,2022-12-08
L:\02_Duchenne Muscular Dystrophy\Adina\Confocal\221207_AVG53.lif,.lif,5272692780,2022-12-08
L:\02_Duchenne Muscular Dystrophy\Adina\Confocal\221209_AVG39.lif,.lif,5671079061,2022-12-12
L:\02_Duchenne Muscular Dystrophy\Adina\Confocal\221211_AVG59.lif,.lif,3251799879,2022-12-12
L:\02_Duchenne Muscular Dystrophy\Adina\Confocal\221214_AVG57.lif,.lif,2841253735,2022-12-15
L:\02_Duchenne Muscular Dystrophy\Adina\Confocal\221215_AVG44.lif,.lif,5816438018,2022-12-19
L:\02_Duchenne Muscular Dystrophy\Adina\Confocal\221216_AVG48.lif,.lif,4457574989,2022-12-16
L:\02_Duchenne Muscular Dystrophy\Adina\Confocal\221219_AVG57.lif,.lif,7795888065,2022-12-19
L:\02_Duchenne Muscular Dystrophy\Adina\Confocal\221219_AVG59.lif,.lif,9482135399,2022-12-19
L:\02_Duchenne Muscular Dystrophy\Adina\Confocal\221221_AVG39.lif,.lif,4448224395,2022-12-21
L:\02_Duchenne Muscular Dystrophy\Adina\Confocal\230120_AVG57.lif,.lif,4932277897,2023-01-20
L:\02_Duchenne Muscular Dystrophy\Adina\Confocal\230124_AVG57.lif,.lif,3688856479,2023-01-24
L:\02_Duchenne Muscular Dystrophy\Adina\Confocal\230125_AVG44.lif,.lif,9391038395,2023-01-27
L:\02_Duchenne Muscular Dystrophy\Adina\Confocal\230126_AVG44.lif,.lif,10290970783,2023-01-26
L:\02_Duchenne Muscular Dystrophy\Adina\Confocal\230127_AVG48.lif,.lif,710409411,2023-01-27
L:\02_Duchenne Muscular Dystrophy\Adina\Confocal\230130_AH-E.lif,.lif,12319199117,2023-01-30
L:\02_Duchenne Muscular Dystrophy\Adina\Confocal\230131_AVG57.lif,.lif,16429996831,2023-01-31
L:\02_Duchenne Muscular Dystrophy\Adina\Confocal\230203_AH-E.lif,.lif,14923434267,2023-02-07
L:\02_Duchenne Muscular Dystrophy\Adina\Confocal\230207_AH-E.lif,.lif,10269641957,2023-02-07
L:\02_Duchenne Muscular Dystrophy\Adina\Confocal\230208_AH-E.lif,.lif,13415343607,2023-02-08
L:\02_Duchenne Muscular Dystrophy\Adina\dys-1 KO VG03_day5 adult behavior\240224_VG03_dys-1KO_day5adullt_phalloidin_3.lif,.lif,10417170487,2024-02-24
L:\02_Duchenne Muscular Dystrophy\Adina\dys-1 KO VG03_day5 adult behavior\240224_VG03_dys-1KO_day5Adult_phalloidin_2.lif,.lif,9901698455,2024-02-24
L:\02_Duchenne Muscular Dystrophy\Adina\dys-1 KO VG03_day5 adult behavior\240224_VG03_dys-1KO_day5A_phalloidin_1.lif,.lif,9517176817,2024-02-24
L:\02_Duchenne Muscular Dystrophy\Adina\dys-1 KO VG03_day5 adult behavior\240225_VG03_dys-1KO_day5adult_phalloidin_1.lif,.lif,9639798620,2024-02-25
L:\02_Duchenne Muscular Dystrophy\Adina\dys-1 KO VG03_day5 adult behavior\240225_VG03_dys-1KO_day5adult_phalloidin_2.lif,.lif,3581880731,2024-02-25
L:\02_Duchenne Muscular Dystrophy\Adina\Inverted scope\Zeiss\221124 B anal\Image5.lsm,.lsm,6420685,2009-01-01
L:\02_Duchenne Muscular Dystrophy\Adina\Inverted scope\Zeiss\221124 B gonad sheath\Image4.lsm,.lsm,9289404,2009-01-01
L:\02_Duchenne Muscular Dystrophy\Adina\Inverted scope\Zeiss\221124 B male tail\Image1.lsm,.lsm,12731865,2009-01-01
L:\02_Duchenne Muscular Dystrophy\Adina\Inverted scope\Zeiss\221124 B pharynx\Image2.lsm,.lsm,9289401,2009-01-01
L:\02_Duchenne Muscular Dystrophy\Adina\Inverted scope\Zeiss\221124 B pharynx\Image3.lsm,.lsm,9289402,2009-01-01
L:\02_Duchenne Muscular Dystrophy\Danny\1_Skeletal muscle cells\Project.lif,.lif,19126673,2025-09-24
L:\02_Duchenne Muscular Dystrophy\Danny\1_Skeletal muscle cells\Basal calcium quantification\calcium myoblasts scope setup.lif,.lif,13505147,2025-02-18
L:\02_Duchenne Muscular Dystrophy\Danny\1_Skeletal muscle cells\Basal calcium quantification\calcium myoblasts.lif,.lif,110672583,2025-01-24
L:\02_Duchenne Muscular Dystrophy\Danny\1_Skeletal muscle cells\DMD shRNA\dmd shrna.lif,.lif,28128431,2026-06-05
L:\02_Duchenne Muscular Dystrophy\Danny\1_Skeletal muscle cells\PMCA\PMCA1 shRNA R3-R5.lif,.lif,27003295,2025-10-09
L:\02_Duchenne Muscular Dystrophy\Danny\1_Skeletal muscle cells\PMCA\Project.lif,.lif,11250091,2025-08-22
L:\02_Duchenne Muscular Dystrophy\Danny\1_Skeletal muscle cells\PMCA\Project001.lif,.lif,27562743,2025-09-05
L:\02_Duchenne Muscular Dystrophy\Danny\1_Skeletal muscle cells\PMCA\Caloxin 1b1 myoblasts\R02\Project.lif,.lif,26999043,2025-09-02
L:\02_Duchenne Muscular Dystrophy\Danny\1_Skeletal muscle cells\PMCA\PMCA1 rescue\pmca rescue r5.lif,.lif,38212337,2026-06-24
L:\02_Duchenne Muscular Dystrophy\Danny\1_Skeletal muscle cells\PMCA\PMCA1 rescue\PMCA1 rescue calcium\R01\PMCA1 rescue r01.lif,.lif,19353987,2026-05-20
L:\02_Duchenne Muscular Dystrophy\Danny\1_Skeletal muscle cells\PMCA\PMCA1 rescue\PMCA1 rescue IF\pmca rescue if.lif,.lif,30073693,2026-06-17
L:\02_Duchenne Muscular Dystrophy\Danny\1_Skeletal muscle cells\PMCA\shRNA PMCA1\fails\R01 250603 extra\PMCA1 shRNA.lif,.lif,18158715,2025-06-03
L:\02_Duchenne Muscular Dystrophy\Danny\1_Skeletal muscle cells\PMCA\shRNA PMCA1\R02\250612.lif,.lif,19802545,2025-06-23
L:\02_Duchenne Muscular Dystrophy\Danny\1_Skeletal muscle cells\Steroids\myoblastsa mito dye calcium.lif,.lif,37131153,2026-06-22
L:\02_Duchenne Muscular Dystrophy\Danny\1_Skeletal muscle cells\Steroids\myoblasts\steroid myoblasts r1.lif,.lif,46444457,2026-05-15
L:\02_Duchenne Muscular Dystrophy\Danny\1_Skeletal muscle cells\Steroids\myoblasts\prednisolone and 21-desacetyldeflazacort\PDN and 21D myoblasts.lif,.lif,36278787,2026-06-04
L:\02_Duchenne Muscular Dystrophy\Danny\2_Smooth muscle cells\HJTM CALCIUM TRIAL 1\SMC VID.lif,.lif,36437775,2026-08-04
L:\02_Duchenne Muscular Dystrophy\Kiley\Egg project\Raw data\Confocal\10421_larva_CH1878 and WB141.lif,.lif,23704805693,2021-10-04
L:\02_Duchenne Muscular Dystrophy\Kiley\Egg project\Raw data\Confocal\10621_DM8005 larva.lif,.lif,8615620783,2021-10-06
L:\02_Duchenne Muscular Dystrophy\Kiley\Egg project\Raw data\Confocal\81821_CH1878_BAD.lif,.lif,215746947,2021-08-18
L:\02_Duchenne Muscular Dystrophy\Kiley\Egg project\Raw data\Confocal\81821_WB141_eggs.lif,.lif,943250103,2021-08-18
L:\02_Duchenne Muscular Dystrophy\Kiley\Egg project\Raw data\Confocal\81921_CH1878_eggs.lif,.lif,439922087,2021-08-19
L:\02_Duchenne Muscular Dystrophy\Kiley\Egg project\Raw data\Confocal\82621_L1.lif,.lif,3240719761,2021-08-26
L:\02_Duchenne Muscular Dystrophy\Kiley\Egg project\Raw data\Confocal\9721_lightning.lif,.lif,1030297109,2021-09-07
L:\02_Duchenne Muscular Dystrophy\Kiley\Egg project\Raw data\Confocal\9821_L1.lif,.lif,1851822009,2021-09-08
L:\02_Duchenne Muscular Dystrophy\Kiley\Egg project\Raw data\Confocal\DM8005 eggs.lif,.lif,449839989,2021-08-18
L:\02_Duchenne Muscular Dystrophy\Kiley\Papers\Excercise Paper\burrow and crawl muscle health\112318_N2_CD5_20x muscle size\N2_CD5_w1\N2_CD5_w1.lsm,.lsm,30132364,2018-11-23
L:\02_Duchenne Muscular Dystrophy\Kiley\Papers\Excercise Paper\burrow and crawl muscle health\112318_N2_CD5_20x muscle size\w10\w10.lsm,.lsm,39526425,2018-11-24
L:\02_Duchenne Muscular Dystrophy\Kiley\Papers\Excercise Paper\burrow and crawl muscle health\112318_N2_CD5_20x muscle size\w2\w2.lsm,.lsm,35768471,2018-11-24
L:\02_Duchenne Muscular Dystrophy\Kiley\Papers\Excercise Paper\burrow and crawl muscle health\112318_N2_CD5_20x muscle size\w2\100x tail\w2_100x_tail.lsm,.lsm,75849784,2018-11-24
L:\02_Duchenne Muscular Dystrophy\Kiley\Papers\Excercise Paper\burrow and crawl muscle health\112318_N2_CD5_20x muscle size\w3\w3.lsm,.lsm,50798953,2018-11-24
L:\02_Duchenne Muscular Dystrophy\Kiley\Papers\Excercise Paper\burrow and crawl muscle health\112318_N2_CD5_20x muscle size\w4\w4.lsm,.lsm,100899258,2018-11-24
L:\02_Duchenne Muscular Dystrophy\Kiley\Papers\Excercise Paper\burrow and crawl muscle health\112318_N2_CD5_20x muscle size\w5\w5.lsm,.lsm,50485971,2018-11-24
L:\02_Duchenne Muscular Dystrophy\Kiley\Papers\Excercise Paper\burrow and crawl muscle health\112318_N2_CD5_20x muscle size\w6\w6.lsm,.lsm,39526412,2018-11-24
L:\02_Duchenne Muscular Dystrophy\Kiley\Papers\Excercise Paper\burrow and crawl muscle health\112318_N2_CD5_20x muscle size\w7\w7.lsm,.lsm,27627341,2018-11-24
L:\02_Duchenne Muscular Dystrophy\Kiley\Papers\Excercise Paper\burrow and crawl muscle health\112318_N2_CD5_20x muscle size\w8\w8.lsm,.lsm,60193012,2018-11-24
L:\02_Duchenne Muscular Dystrophy\Kiley\Papers\Excercise Paper\burrow and crawl muscle health\112318_N2_CD5_20x muscle size\w9\w9.lsm,.lsm,50485964,2018-11-24
L:\02_Duchenne Muscular Dystrophy\Kiley\Papers\Excercise Paper\burrow and crawl muscle health\112718_BZ33_CD5_100x\full worm\BZ33_CD5\BZ33_CD5_1.lsm,.lsm,6960505,2018-11-28
L:\02_Duchenne Muscular Dystrophy\Kiley\Papers\Excercise Paper\burrow and crawl muscle health\112718_BZ33_CD5_100x\full worm\BZ33_CD5\BZ33_CD5_10.lsm,.lsm,7899885,2018-11-28
L:\02_Duchenne Muscular Dystrophy\Kiley\Papers\Excercise Paper\burrow and crawl muscle health\112718_BZ33_CD5_100x\full worm\BZ33_CD5\BZ33_CD5_11.lsm,.lsm,6960507,2018-11-28
L:\02_Duchenne Muscular Dystrophy\Kiley\Papers\Excercise Paper\burrow and crawl muscle health\112718_BZ33_CD5_100x\full worm\BZ33_CD5\BZ33_CD5_12.lsm,.lsm,8839263,2018-11-28
L:\02_Duchenne Muscular Dystrophy\Kiley\Papers\Excercise Paper\burrow and crawl muscle health\112718_BZ33_CD5_100x\full worm\BZ33_CD5\BZ33_CD5_13.lsm,.lsm,6647381,2018-11-28
L:\02_Duchenne Muscular Dystrophy\Kiley\Papers\Excercise Paper\burrow and crawl muscle health\112718_BZ33_CD5_100x\full worm\BZ33_CD5\BZ33_CD5_14.lsm,.lsm,8213011,2018-11-28
L:\02_Duchenne Muscular Dystrophy\Kiley\Papers\Excercise Paper\burrow and crawl muscle health\112718_BZ33_CD5_100x\full worm\BZ33_CD5\BZ33_CD5_15.lsm,.lsm,8526137,2018-11-28
L:\02_Duchenne Muscular Dystrophy\Kiley\Papers\Excercise Paper\burrow and crawl muscle health\112718_BZ33_CD5_100x\full worm\BZ33_CD5\BZ33_CD5_16.lsm,.lsm,6647381,2018-11-28
L:\02_Duchenne Muscular Dystrophy\Kiley\Papers\Excercise Paper\burrow and crawl muscle health\112718_BZ33_CD5_100x\full worm\BZ33_CD5\BZ33_CD5_17.lsm,.lsm,7899885,2018-11-28
L:\02_Duchenne Muscular Dystrophy\Kiley\Papers\Excercise Paper\burrow and crawl muscle health\112718_BZ33_CD5_100x\full worm\BZ33_CD5\BZ33_CD5_18.lsm,.lsm,7899885,2018-11-28
L:\02_Duchenne Muscular Dystrophy\Kiley\Papers\Excercise Paper\burrow and crawl muscle health\112718_BZ33_CD5_100x\full worm\BZ33_CD5\BZ33_CD5_19.lsm,.lsm,8839263,2018-11-28
L:\02_Duchenne Muscular Dystrophy\Kiley\Papers\Excercise Paper\burrow and crawl muscle health\112718_BZ33_CD5_100x\full worm\BZ33_CD5\BZ33_CD5_2.lsm,.lsm,8526135,2018-11-28
L:\02_Duchenne Muscular Dystrophy\Kiley\Papers\Excercise Paper\burrow and crawl muscle health\112718_BZ33_CD5_100x\full worm\BZ33_CD5\BZ33_CD5_20.lsm,.lsm,8213011,2018-11-28
L:\02_Duchenne Muscular Dystrophy\Kiley\Papers\Excercise Paper\burrow and crawl muscle health\112718_BZ33_CD5_100x\full worm\BZ33_CD5\BZ33_CD5_21.lsm,.lsm,7586759,2018-11-28
L:\02_Duchenne Muscular Dystrophy\Kiley\Papers\Excercise Paper\burrow and crawl muscle health\112718_BZ33_CD5_100x\full worm\BZ33_CD5\BZ33_CD5_3.lsm,.lsm,7273631,2018-11-28
L:\02_Duchenne Muscular Dystrophy\Kiley\Papers\Excercise Paper\burrow and crawl muscle health\112718_BZ33_CD5_100x\full worm\BZ33_CD5\BZ33_CD5_4.lsm,.lsm,8526135,2018-11-28
L:\02_Duchenne Muscular Dystrophy\Kiley\Papers\Excercise Paper\burrow and crawl muscle health\112718_BZ33_CD5_100x\full worm\BZ33_CD5\BZ33_CD5_5.lsm,.lsm,8526135,2018-11-28
L:\02_Duchenne Muscular Dystrophy\Kiley\Papers\Excercise Paper\burrow and crawl muscle health\112718_BZ33_CD5_100x\full worm\BZ33_CD5\BZ33_CD5_6.lsm,.lsm,8526135,2018-11-28
L:\02_Duchenne Muscular Dystrophy\Kiley\Papers\Excercise Paper\burrow and crawl muscle health\112718_BZ33_CD5_100x\full worm\BZ33_CD5\BZ33_CD5_7.lsm,.lsm,8526135,2018-11-28
L:\02_Duchenne Muscular Dystrophy\Kiley\Papers\Excercise Paper\burrow and crawl muscle health\112718_BZ33_CD5_100x\full worm\BZ33_CD5\BZ33_CD5_8.lsm,.lsm,7586757,2018-11-28
L:\02_Duchenne Muscular Dystrophy\Kiley\Papers\Excercise Paper\burrow and crawl muscle health\112718_BZ33_CD5_100x\full worm\BZ33_CD5\BZ33_CD5_9.lsm,.lsm,7273631,2018-11-28
L:\02_Duchenne Muscular Dystrophy\Kiley\Papers\Excercise Paper\burrow and crawl muscle health\112718_BZ33_CD5_100x\full worm\BZ33_CD5_BAD (muscles not flat)\BZ33_CD5_1.lsm,.lsm,6960507,2018-11-27
L:\02_Duchenne Muscular Dystrophy\Kiley\Papers\Excercise Paper\burrow and crawl muscle health\112718_BZ33_CD5_100x\full worm\BZ33_CD5_BAD (muscles not flat)\BZ33_CD5_10.lsm,.lsm,7899887,2018-11-27
L:\02_Duchenne Muscular Dystrophy\Kiley\Papers\Excercise Paper\burrow and crawl muscle health\112718_BZ33_CD5_100x\full worm\BZ33_CD5_BAD (muscles not flat)\BZ33_CD5_11.lsm,.lsm,9152391,2018-11-27
L:\02_Duchenne Muscular Dystrophy\Kiley\Papers\Excercise Paper\burrow and crawl muscle health\112718_BZ33_CD5_100x\full worm\BZ33_CD5_BAD (muscles not flat)\BZ33_CD5_2.lsm,.lsm,8213011,2018-11-27
L:\02_Duchenne Muscular Dystrophy\Kiley\Papers\Excercise Paper\burrow and crawl muscle health\112718_BZ33_CD5_100x\full worm\BZ33_CD5_BAD (muscles not flat)\BZ33_CD5_3.lsm,.lsm,8213011,2018-11-27
L:\02_Duchenne Muscular Dystrophy\Kiley\Papers\Excercise Paper\burrow and crawl muscle health\112718_BZ33_CD5_100x\full worm\BZ33_CD5_BAD (muscles not flat)\BZ33_CD5_4.lsm,.lsm,7899885,2018-11-27
L:\02_Duchenne Muscular Dystrophy\Kiley\Papers\Excercise Paper\burrow and crawl muscle health\112718_BZ33_CD5_100x\full worm\BZ33_CD5_BAD (muscles not flat)\BZ33_CD5_5.lsm,.lsm,7586759,2018-11-27
L:\02_Duchenne Muscular Dystrophy\Kiley\Papers\Excercise Paper\burrow and crawl muscle health\112718_BZ33_CD5_100x\full worm\BZ33_CD5_BAD (muscles not flat)\BZ33_CD5_6.lsm,.lsm,6334255,2018-11-27
L:\02_Duchenne Muscular Dystrophy\Kiley\Papers\Excercise Paper\burrow and crawl muscle health\112718_BZ33_CD5_100x\full worm\BZ33_CD5_BAD (muscles not flat)\BZ33_CD5_7.lsm,.lsm,9778641,2018-11-27
L:\02_Duchenne Muscular Dystrophy\Kiley\Papers\Excercise Paper\burrow and crawl muscle health\112718_BZ33_CD5_100x\full worm\BZ33_CD5_BAD (muscles not flat)\BZ33_CD5_8.lsm,.lsm,9778641,2018-11-27
L:\02_Duchenne Muscular Dystrophy\Kiley\Papers\Excercise Paper\burrow and crawl muscle health\112718_BZ33_CD5_100x\full worm\BZ33_CD5_BAD (muscles not flat)\BZ33_CD5_9.lsm,.lsm,9778641,2018-11-27
L:\02_Duchenne Muscular Dystrophy\Kiley\Papers\Excercise Paper\burrow and crawl muscle health\112718_N2_CD5_100x\Full worm\N2_CD5_1.lsm,.lsm,7586870,2018-11-27
L:\02_Duchenne Muscular Dystrophy\Kiley\Papers\Excercise Paper\burrow and crawl muscle health\112718_N2_CD5_100x\Full worm\N2_CD5_10.lsm,.lsm,6334251,2018-11-27
L:\02_Duchenne Muscular Dystrophy\Kiley\Papers\Excercise Paper\burrow and crawl muscle health\112718_N2_CD5_100x\Full worm\N2_CD5_11.lsm,.lsm,7586755,2018-11-27
L:\02_Duchenne Muscular Dystrophy\Kiley\Papers\Excercise Paper\burrow and crawl muscle health\112718_N2_CD5_100x\Full worm\N2_CD5_12.lsm,.lsm,7586755,2018-11-27
L:\02_Duchenne Muscular Dystrophy\Kiley\Papers\Excercise Paper\burrow and crawl muscle health\112718_N2_CD5_100x\Full worm\N2_CD5_13.lsm,.lsm,6647377,2018-11-27
L:\02_Duchenne Muscular Dystrophy\Kiley\Papers\Excercise Paper\burrow and crawl muscle health\112718_N2_CD5_100x\Full worm\N2_CD5_14.lsm,.lsm,6334251,2018-11-27
L:\02_Duchenne Muscular Dystrophy\Kiley\Papers\Excercise Paper\burrow and crawl muscle health\112718_N2_CD5_100x\Full worm\N2_CD5_15.lsm,.lsm,6647377,2018-11-27
L:\02_Duchenne Muscular Dystrophy\Kiley\Papers\Excercise Paper\burrow and crawl muscle health\112718_N2_CD5_100x\Full worm\N2_CD5_16.lsm,.lsm,6021125,2018-11-27
L:\02_Duchenne Muscular Dystrophy\Kiley\Papers\Excercise Paper\burrow and crawl muscle health\112718_N2_CD5_100x\Full worm\N2_CD5_17.lsm,.lsm,6334251,2018-11-27
L:\02_Duchenne Muscular Dystrophy\Kiley\Papers\Excercise Paper\burrow and crawl muscle health\112718_N2_CD5_100x\Full worm\N2_CD5_18.lsm,.lsm,6334251,2018-11-27
L:\02_Duchenne Muscular Dystrophy\Kiley\Papers\Excercise Paper\burrow and crawl muscle health\112718_N2_CD5_100x\Full worm\N2_CD5_19.lsm,.lsm,6334251,2018-11-27
L:\02_Duchenne Muscular Dystrophy\Kiley\Papers\Excercise Paper\burrow and crawl muscle health\112718_N2_CD5_100x\Full worm\N2_CD5_2.lsm,.lsm,15102041,2018-11-27
L:\02_Duchenne Muscular Dystrophy\Kiley\Papers\Excercise Paper\burrow and crawl muscle health\112718_N2_CD5_100x\Full worm\N2_CD5_20.lsm,.lsm,6334251,2018-11-27
L:\02_Duchenne Muscular Dystrophy\Kiley\Papers\Excercise Paper\burrow and crawl muscle health\112718_N2_CD5_100x\Full worm\N2_CD5_21.lsm,.lsm,6647377,2018-11-27
L:\02_Duchenne Muscular Dystrophy\Kiley\Papers\Excercise Paper\burrow and crawl muscle health\112718_N2_CD5_100x\Full worm\N2_CD5_22.lsm,.lsm,6334251,2018-11-27
L:\02_Duchenne Muscular Dystrophy\Kiley\Papers\Excercise Paper\burrow and crawl muscle health\112718_N2_CD5_100x\Full worm\N2_CD5_23.lsm,.lsm,5394873,2018-11-27
L:\02_Duchenne Muscular Dystrophy\Kiley\Papers\Excercise Paper\burrow and crawl muscle health\112718_N2_CD5_100x\Full worm\N2_CD5_24.lsm,.lsm,6021125,2018-11-27
L:\02_Duchenne Muscular Dystrophy\Kiley\Papers\Excercise Paper\burrow and crawl muscle health\112718_N2_CD5_100x\Full worm\N2_CD5_25.lsm,.lsm,6021125,2018-11-27
L:\02_Duchenne Muscular Dystrophy\Kiley\Papers\Excercise Paper\burrow and crawl muscle health\112718_N2_CD5_100x\Full worm\N2_CD5_26.lsm,.lsm,6021125,2018-11-27
L:\02_Duchenne Muscular Dystrophy\Kiley\Papers\Excercise Paper\burrow and crawl muscle health\112718_N2_CD5_100x\Full worm\N2_CD5_27.lsm,.lsm,6021125,2018-11-27
L:\02_Duchenne Muscular Dystrophy\Kiley\Papers\Excercise Paper\burrow and crawl muscle health\112718_N2_CD5_100x\Full worm\N2_CD5_3.lsm,.lsm,6960501,2018-11-27
L:\02_Duchenne Muscular Dystrophy\Kiley\Papers\Excercise Paper\burrow and crawl muscle health\112718_N2_CD5_100x\Full worm\N2_CD5_4.lsm,.lsm,6960501,2018-11-27
L:\02_Duchenne Muscular Dystrophy\Kiley\Papers\Excercise Paper\burrow and crawl muscle health\112718_N2_CD5_100x\Full worm\N2_CD5_5.lsm,.lsm,6647375,2018-11-27
L:\02_Duchenne Muscular Dystrophy\Kiley\Papers\Excercise Paper\burrow and crawl muscle health\112718_N2_CD5_100x\Full worm\N2_CD5_6.lsm,.lsm,6647375,2018-11-27
L:\02_Duchenne Muscular Dystrophy\Kiley\Papers\Excercise Paper\burrow and crawl muscle health\112718_N2_CD5_100x\Full worm\N2_CD5_7.lsm,.lsm,6960501,2018-11-27
L:\02_Duchenne Muscular Dystrophy\Kiley\Papers\Excercise Paper\burrow and crawl muscle health\112718_N2_CD5_100x\Full worm\N2_CD5_8.lsm,.lsm,6960501,2018-11-27
L:\02_Duchenne Muscular Dystrophy\Kiley\Papers\Excercise Paper\burrow and crawl muscle health\112718_N2_CD5_100x\Full worm\N2_CD5_9.lsm,.lsm,6334249,2018-11-27
L:\02_Duchenne Muscular Dystrophy\Kiley\Papers\Excercise Paper\burrow and crawl muscle health\12118_HKK22_CB3%D5_100x_full worm\HKK22_CB3%D5_1.lsm,.lsm,61470361,2018-12-01
L:\02_Duchenne Muscular Dystrophy\Kiley\Papers\Excercise Paper\burrow and crawl muscle health\12118_HKK22_CB3%D5_100x_full worm\HKK22_CB3%D5_2.lsm,.lsm,52677749,2018-12-01
L:\02_Duchenne Muscular Dystrophy\Kiley\Papers\Excercise Paper\burrow and crawl muscle health\12118_HKK22_CB3%D5_100x_full worm\HKK22_CB3%D5_2_Max.lsm,.lsm,1951345,2018-12-01
L:\02_Duchenne Muscular Dystrophy\Kiley\Papers\Excercise Paper\burrow and crawl muscle health\12118_HKK22_CB3%D5_100x_full worm\HKK22_CB3%D5_3.lsm,.lsm,17607061,2018-12-01
L:\02_Duchenne Muscular Dystrophy\Kiley\Papers\Excercise Paper\burrow and crawl muscle health\12118_HKK22_CB3%D5_100x_full worm\HKK22_CB3%D5_4.lsm,.lsm,17607063,2018-12-01
L:\02_Duchenne Muscular Dystrophy\Kiley\Papers\Excercise Paper\burrow and crawl muscle health\12118_HKK22_CB3%D5_100x_full worm\HKK22_CB3%D5_5.lsm,.lsm,35142409,2018-12-01
L:\02_Duchenne Muscular Dystrophy\Kiley\Papers\Excercise Paper\burrow and crawl muscle health\12118_HKK22_CB3%D5_100x_full worm\HKK22_CB3%D5_6.lsm,.lsm,43910082,2018-12-01
L:\02_Duchenne Muscular Dystrophy\Kiley\Papers\Excercise Paper\burrow and crawl muscle health\12118_HKK22_CB3%D5_100x_full worm\HKK22_CB3%D5_7.lsm,.lsm,43910082,2018-12-01
L:\02_Duchenne Muscular Dystrophy\Kiley\Papers\Excercise Paper\burrow and crawl muscle health\12118_HKK22_CB3%D5_100x_full worm\HKK22_CB3%D5_8.lsm,.lsm,35142409,2018-12-01
L:\02_Duchenne Muscular Dystrophy\Kiley\Papers\Excercise Paper\burrow and crawl muscle health\180820_HKK22_CB3%D5alive_20x\180820_HKK22_CB3%D5_alive.lsm,.lsm,115550979,2018-08-20
L:\02_Duchenne Muscular Dystrophy\Kiley\Papers\Excercise Paper\burrow and crawl muscle health\180821_HKK22_CB3%D5alive_100x\worm 1\HKK22_CB3%D5_alive_w1.lsm,.lsm,72642994,2018-08-21
L:\02_Duchenne Muscular Dystrophy\Kiley\Papers\Excercise Paper\burrow and crawl muscle health\180821_HKK22_CB3%D5alive_100x\worm 2\HKK22_CB3%D5_alive_w2.lsm,.lsm,140815738,2018-08-21
L:\02_Duchenne Muscular Dystrophy\Kiley\Papers\Excercise Paper\burrow and crawl muscle health\180821_HKK22_CB3%D5alive_100x\worm 2\HKK22_CB3%D5_alive_w2top.lsm,.lsm,70443742,2018-08-21
L:\02_Duchenne Muscular Dystrophy\Kiley\Papers\Excercise Paper\burrow and crawl muscle health\180821_HKK22_CB3%D5alive_100x\worm 3\HKK22_CB3%D5_alive_w3.lsm,.lsm,145214255,2018-08-21
L:\02_Duchenne Muscular Dystrophy\Kiley\Papers\Excercise Paper\burrow and crawl muscle health\180821_HKK22_CB3%D5alive_100x\worm 3\HKK22_CB3%D5_alive_w3_.lsm,.lsm,24262157,2018-08-21
L:\02_Duchenne Muscular Dystrophy\Kiley\Papers\Excercise Paper\burrow and crawl muscle health\180821_HKK22_CB3%D5alive_100x\worm 4\HKK22_CB3%D5_alive_w4.lsm,.lsm,123222807,2018-08-21
L:\02_Duchenne Muscular Dystrophy\Kiley\Papers\Excercise Paper\burrow and crawl muscle health\180821_HKK22_CB3%D5alive_100x\worm 4\HKK22_CB3%D5_alive_w41.lsm,.lsm,343135721,2018-08-21
L:\02_Duchenne Muscular Dystrophy\Kiley\Papers\Excercise Paper\burrow and crawl muscle health\180821_HKK22_CB3%D5alive_100x\worm 5\HKK22_CB3%D5_alive_w5.lsm,.lsm,445394920,2018-08-21
L:\02_Duchenne Muscular Dystrophy\Kiley\Papers\Excercise Paper\burrow and crawl muscle health\180821_HKK5_CB3%D5alive_100x\HKK5_CB3%D5_alive_w1.lsm,.lsm,673003699,2018-08-21
L:\02_Duchenne Muscular Dystrophy\Kiley\Papers\Excercise Paper\burrow and crawl muscle health\180822_HKK5_CB3%D5alive_100x\worm 1\HKK5_CB3%D5.lsm,.lsm,270563828,2018-08-22
L:\02_Duchenne Muscular Dystrophy\Kiley\Papers\Excercise Paper\burrow and crawl muscle health\180822_HKK5_CB3%D5alive_100x\worm 1\2\HKK5_CB3%D5_w1.lsm,.lsm,180399796,2018-08-22
L:\02_Duchenne Muscular Dystrophy\Kiley\Papers\Excercise Paper\burrow and crawl muscle health\180822_HKK5_CB3%D5alive_100x\worm 1\3\HKK5_CB3%D5_w1.lsm,.lsm,45153740,2018-08-22
L:\02_Duchenne Muscular Dystrophy\Kiley\Papers\Excercise Paper\burrow and crawl muscle health\180822_HKK5_CB3%D5alive_100x\worm 1\4\HKK5_CB3%D5_w1_4.lsm,.lsm,360727876,2018-08-22
L:\02_Duchenne Muscular Dystrophy\Kiley\Raw data\Confocal\21920_pdysL.lif,.lif,638693463,2020-02-19
L:\02_Duchenne Muscular Dystrophy\Kiley\Raw data\Confocal\Hypertrophy\10720_N2_IBD5.lif,.lif,398554670,2020-11-02
L:\02_Duchenne Muscular Dystrophy\Kiley\Raw data\Confocal\Hypertrophy\10720_N2_ISD5.lif,.lif,421211525,2020-10-07
L:\02_Duchenne Muscular Dystrophy\Kiley\Raw data\Confocal\PNAS paper_100x health\170811_HKK5_CD5\LSM\HKK5_CD5_1.lsm,.lsm,96516691,2017-08-11
L:\02_Duchenne Muscular Dystrophy\Kiley\Raw data\Confocal\PNAS paper_100x health\170811_HKK5_CD5\LSM\HKK5_CD5_Max.lsm,.lsm,4457651,2017-08-11
L:\02_Duchenne Muscular Dystrophy\Kiley\Raw data\Confocal\PNAS paper_100x health\170811_HKK5_CD5\LSM\HKK5_CD5_w14.lsm,.lsm,6962347,2017-08-11
L:\02_Duchenne Muscular Dystrophy\Kiley\Raw data\Confocal\PNAS paper_100x health\170811_HKK5_CD5\LSM\HKK5_CD5_w14_Max.lsm,.lsm,386709,2017-08-11
L:\02_Duchenne Muscular Dystrophy\Kiley\Raw data\Confocal\PNAS paper_100x health\170811_HKK5_CD5\LSM\HKK5_CD5_w3.lsm,.lsm,6962345,2017-08-11
L:\02_Duchenne Muscular Dystrophy\Kiley\Raw data\Confocal\PNAS paper_100x health\170811_HKK5_CD5\LSM\HKK5_CD5_w3_Max.lsm,.lsm,386707,2017-08-11
L:\02_Duchenne Muscular Dystrophy\Kiley\Raw data\Confocal\PNAS paper_100x health\170811_HKK5_CD5\LSM\HKK5_CD5_w4.lsm,.lsm,6962344,2017-08-11
L:\02_Duchenne Muscular Dystrophy\Kiley\Raw data\Confocal\PNAS paper_100x health\170811_HKK5_CD5\LSM\HKK5_CD5_w4_Max.lsm,.lsm,386706,2017-08-11
L:\02_Duchenne Muscular Dystrophy\Kiley\Raw data\Confocal\PNAS paper_100x health\170811_HKK5_CD5\p02_worm2\HKK5_CD5_w3_Max.lsm,.lsm,386707,2017-08-11
L:\02_Duchenne Muscular Dystrophy\Kiley\Raw data\Confocal\PNAS paper_100x health\170811_HKK5_CD5\p03_worm2\HKK5_CD5_w4_Max.lsm,.lsm,386706,2017-08-11
L:\02_Duchenne Muscular Dystrophy\Kiley\Raw data\Confocal\PNAS paper_100x health\170811_HKK5_CD5\p13_worm10\HKK5_CD5_w14_Max.lsm,.lsm,386709,2017-08-11
L:\02_Duchenne Muscular Dystrophy\Kiley\Raw data\Confocal\PNAS paper_100x health\171015_HKK5_CD5\HKK5_CD5.lsm,.lsm,170414711,2017-10-15
L:\02_Duchenne Muscular Dystrophy\Kiley\Raw data\Confocal\PNAS paper_100x health\171015_HKK5_CD5\HKK5_CD5_Max.lsm,.lsm,5084191,2017-10-15
L:\02_Duchenne Muscular Dystrophy\Kiley\Raw data\Confocal\PNAS paper_100x health\171016_HKK22_CD5_100x\worm1\HKK22_CD5_CD5_.lsm,.lsm,12734696,2017-10-16
L:\02_Duchenne Muscular Dystrophy\Kiley\Raw data\Confocal\PNAS paper_100x health\171016_HKK22_CD5_100x\worm1\HKK22_CD5_CD5_Max.lsm,.lsm,686078,2017-10-16
L:\02_Duchenne Muscular Dystrophy\Kiley\Raw data\Confocal\PNAS paper_100x health\171016_HKK22_CD5_100x\worm1\HKK22_CD5_W1L2_Max.lsm,.lsm,686080,2017-10-16
L:\02_Duchenne Muscular Dystrophy\Kiley\Raw data\Confocal\PNAS paper_100x health\171016_HKK22_CD5_100x\worm2\HKK22_CD5_W2L1_Max.lsm,.lsm,686082,2017-10-16
L:\02_Duchenne Muscular Dystrophy\Kiley\Raw data\Confocal\PNAS paper_100x health\171016_HKK22_CD5_100x\worm2\HKK22_CD5_W2L2_Max.lsm,.lsm,686082,2017-10-16
L:\02_Duchenne Muscular Dystrophy\Kiley\Raw data\Confocal\PNAS paper_100x health\171016_HKK22_CD5_100x\worm3\HKK22_CD5_W3L1_Max.lsm,.lsm,686081,2017-10-16
L:\02_Duchenne Muscular Dystrophy\Kiley\Raw data\Confocal\PNAS paper_100x health\171016_HKK22_CD5_100x\worm3\HKK22_CD5_W3L2_Max.lsm,.lsm,686081,2017-10-16
L:\02_Duchenne Muscular Dystrophy\Kiley\Raw data\Confocal\PNAS paper_100x health\171016_HKK22_CD5_100x\worm4\HKK22_CD5_W4L1_Max.lsm,.lsm,686080,2017-10-16
L:\02_Duchenne Muscular Dystrophy\Kiley\Raw data\Confocal\PNAS paper_100x health\171016_HKK22_CD5_100x\worm4\HKK22_CD5_W4L2_Max.lsm,.lsm,686080,2017-10-16
L:\02_Duchenne Muscular Dystrophy\Kiley\Raw data\Confocal\PNAS paper_100x health\171016_HKK22_CD5_100x\worm5\HKK22_CD5_W5L1_Max.lsm,.lsm,686080,2017-10-16
L:\02_Duchenne Muscular Dystrophy\Kiley\Raw data\Confocal\PNAS paper_100x health\171016_HKK22_CD5_100x\worm5\HKK22_CD5_W5L2_Max.lsm,.lsm,686080,2017-10-16
L:\02_Duchenne Muscular Dystrophy\Kiley\Raw data\Confocal\PNAS paper_100x health\171208_HKK22_CB3%D5\worm 1_p0\HKK22_CB3%D5_max_p0.lsm,.lsm,45162728,2017-12-08
L:\02_Duchenne Muscular Dystrophy\Mackenzie\1) CONFOCAL\09.17.25 AVG77 VID (8).lif,.lif,44392269,2025-09-22
L:\02_Duchenne Muscular Dystrophy\Mackenzie\1) CONFOCAL\26.02.13 CONFOCAL STEIN.lif,.lif,88190869,2026-02-13
L:\02_Duchenne Muscular Dystrophy\Mackenzie\1) CONFOCAL\26.16.02 CONFOCAL SEYMOUR TRIAL 2.lif,.lif,248058015,2026-02-16
L:\02_Duchenne Muscular Dystrophy\Mackenzie\1) CONFOCAL\0.2.26.26 CONFOCAL RENE UTERINE\02.26.26 CONFOCAL RENE UTERINE.lif,.lif,739191137,2026-03-25
L:\02_Duchenne Muscular Dystrophy\Mackenzie\1) CONFOCAL\0.2.26.26 CONFOCAL RENE UTERINE\02.26.26 CONFOCAL UTERINE PRED .lif,.lif,838284725,2026-03-25
L:\02_Duchenne Muscular Dystrophy\Mackenzie\1) CONFOCAL\02.14.25 AVG60\AVG60.3.1.02.14.25.lif,.lif,48664831,2025-02-14
L:\02_Duchenne Muscular Dystrophy\Mackenzie\1) CONFOCAL\02.14.25 AVG60\AVG60.3.2.02.14.25.lif,.lif,50806233,2025-02-14
L:\02_Duchenne Muscular Dystrophy\Mackenzie\1) CONFOCAL\02.14.25 AVG60\AVG60.3.3.02.14.25.lif,.lif,56598583,2025-02-14
L:\02_Duchenne Muscular Dystrophy\Mackenzie\1) CONFOCAL\02.14.25 AVG60\AVG60.3.4.02.14.25.lif,.lif,71904037,2025-02-14
L:\02_Duchenne Muscular Dystrophy\Mackenzie\1) CONFOCAL\02.14.25 AVG60\AVG60.6.1.02.14.25.lif,.lif,45848729,2025-02-14
L:\02_Duchenne Muscular Dystrophy\Mackenzie\1) CONFOCAL\02.14.25 AVG60\AVG60.6.2.02.14.25.lif,.lif,45848729,2025-02-14
L:\02_Duchenne Muscular Dystrophy\Mackenzie\1) CONFOCAL\02.14.25 AVG60\AVG60.6.3.02.14.25.lif,.lif,45848729,2025-02-14
L:\02_Duchenne Muscular Dystrophy\Mackenzie\1) CONFOCAL\02.14.25 AVG60\AVG60.6.4.02.14.25.lif,.lif,45848685,2025-02-14
L:\02_Duchenne Muscular Dystrophy\Mackenzie\1) CONFOCAL\02.14.25 AVG60\Project.lif,.lif,45848653,2025-02-14
L:\02_Duchenne Muscular Dystrophy\Mackenzie\1) CONFOCAL\02.15.25 AVG60\AVG60.1.1.02.15.25.lif,.lif,101200667,2025-02-15
L:\02_Duchenne Muscular Dystrophy\Mackenzie\1) CONFOCAL\02.15.25 AVG60\AVG60.1.2.02.15.25.lif,.lif,101200663,2025-02-15
L:\02_Duchenne Muscular Dystrophy\Mackenzie\1) CONFOCAL\02.15.25 AVG60\AVG60.1.3.02.15.25.lif,.lif,101200663,2025-02-15
L:\02_Duchenne Muscular Dystrophy\Mackenzie\1) CONFOCAL\02.15.25 AVG60\AVG60.1.L1.02.15.25.lif,.lif,101200619,2025-02-15
L:\02_Duchenne Muscular Dystrophy\Mackenzie\1) CONFOCAL\02.15.25 AVG60\AVG60.1.L1.2.02.15.25.lif,.lif,101200667,2025-02-15
L:\02_Duchenne Muscular Dystrophy\Mackenzie\1) CONFOCAL\02.15.25 AVG60\AVG60.1.L2.02.15.25.lif,.lif,101200675,2025-02-15
L:\02_Duchenne Muscular Dystrophy\Mackenzie\1) CONFOCAL\02.15.25 AVG60\AVG60.1.L2.2.02.15.25.lif,.lif,101200667,2025-02-15
L:\02_Duchenne Muscular Dystrophy\Mackenzie\1) CONFOCAL\02.15.25 AVG60\AVG60.1.L3.02.15.25.lif,.lif,101200675,2025-02-15
L:\02_Duchenne Muscular Dystrophy\Mackenzie\1) CONFOCAL\02.15.25 AVG60\AVG60.3.L1.02.15.25.lif,.lif,101200663,2025-02-15
L:\02_Duchenne Muscular Dystrophy\Mackenzie\1) CONFOCAL\02.15.25 AVG60\AVG60.3.L2.02.15.25.lif,.lif,101200667,2025-02-15
L:\02_Duchenne Muscular Dystrophy\Mackenzie\1) CONFOCAL\02.15.25 AVG60\AVG60.6.L1.02.15.25.lif,.lif,101200667,2025-02-15
L:\02_Duchenne Muscular Dystrophy\Mackenzie\1) CONFOCAL\02.15.25 AVG60\AVG60.6.L2.02.15.25.lif,.lif,101200667,2025-02-15
L:\02_Duchenne Muscular Dystrophy\Mackenzie\1) CONFOCAL\02.15.25 AVG60\Project.lif,.lif,101200565,2025-02-15
L:\02_Duchenne Muscular Dystrophy\Mackenzie\1) CONFOCAL\02.25.25 FACS MUSCLE (GRANT)\250225_FACS_MUSCLE.lif,.lif,9081793,2025-02-25
L:\02_Duchenne Muscular Dystrophy\Mackenzie\1) CONFOCAL\02.25.25 FACS MUSCLE (GRANT)\worm FACS.lif,.lif,4954741,2025-02-25
L:\02_Duchenne Muscular Dystrophy\Mackenzie\1) CONFOCAL\02.27.26 CONFOCAL RENE UTERINE\02.27.26 CONFOCAL WT UTERINE RENE.lif,.lif,9633935183,2026-03-25
L:\02_Duchenne Muscular Dystrophy\Mackenzie\1) CONFOCAL\03.05.26 CONFOCAL UTERINE RENE\03.05.26 CONFOCAL UTERINE RENE.lif,.lif,3401516339,2026-03-18
L:\02_Duchenne Muscular Dystrophy\Mackenzie\1) CONFOCAL\03.10.26 CONFOCAL SARCOMERE RNAI SCREEN\03.10.26 CONFOCAL SARCOMERE RNAI SCREEN.lif,.lif,2595338879,2026-03-18
L:\02_Duchenne Muscular Dystrophy\Mackenzie\1) CONFOCAL\03.20.25 RGB MIDBODY\03.20.25 CONFOCAL.lif,.lif,17783781563,2025-03-20
L:\02_Duchenne Muscular Dystrophy\Mackenzie\1) CONFOCAL\03.25.26 DM8005 DYS-1 RNAi\03.25.26 DM8005 DYS-1 RNAI.lif,.lif,56250521,2026-03-25
L:\02_Duchenne Muscular Dystrophy\Mackenzie\1) CONFOCAL\03.25.26 SARCOMERE RNAI SCREEN\03.25.26 BRANCHING RNAI CROSS 9 DM8005xRW1181.lif,.lif,2940111723,2026-04-03
L:\02_Duchenne Muscular Dystrophy\Mackenzie\1) CONFOCAL\03.26.26 WT UTERINE WORMS RENE\03.26.26 RENE UTERINE WT WORMS.lif,.lif,1756530427,2026-03-26
L:\02_Duchenne Muscular Dystrophy\Mackenzie\1) CONFOCAL\04.03.25 AVG77 DAY 1\03.20.25 CONFOCAL.lif,.lif,17783781563,2025-03-20
L:\02_Duchenne Muscular Dystrophy\Mackenzie\1) CONFOCAL\04.03.25 AVG77 DAY 1\04.03.25 CONFOCAL AVG77 DAY1.lif,.lif,35551747219,2025-04-03
L:\02_Duchenne Muscular Dystrophy\Mackenzie\1) CONFOCAL\04.10.25 GFP CGC STRAINS\04.10.25 CONFOCAL.lif,.lif,1981965087,2025-04-10
L:\02_Duchenne Muscular Dystrophy\Mackenzie\1) CONFOCAL\04.22.25 GFP CGC STRAINS MALE\04.22.25 CONFOCAL.lif,.lif,32578371741,2025-04-22
L:\02_Duchenne Muscular Dystrophy\Mackenzie\1) CONFOCAL\05.18.25 VG04 x GFP CROSSES\05.19.25 CROSS CONFOCAL IMAGING.lif,.lif,12636771,2025-05-19
L:\02_Duchenne Muscular Dystrophy\Mackenzie\1) CONFOCAL\05.20.25 VG04 x GFP CROSSES\05.20.25 CONFOCAL.lif,.lif,52593227647,2025-05-29
L:\02_Duchenne Muscular Dystrophy\Mackenzie\1) CONFOCAL\05.22.26 CONFOCAL ETR-1 PLX-1\05.22.26 CONFOCAL PLX-1.ETR-1.lif,.lif,1602488665,2026-07-24
L:\02_Duchenne Muscular Dystrophy\Mackenzie\1) CONFOCAL\05.26.26 CONFOCAL DYS-1 RNAi STRUCTURE\05.26.26 CONFOCAL RGB STRUCTURE.lif,.lif,2282990713,2026-05-26
L:\02_Duchenne Muscular Dystrophy\Mackenzie\1) CONFOCAL\05.28.25 AVG77 VIDEO PRACTICE\05.28.25 CONFOCAL.lif,.lif,163467767,2025-05-29
L:\02_Duchenne Muscular Dystrophy\Mackenzie\1) CONFOCAL\05.29.25 AVG77 VIDEO CRAWL PRACTICE\05.29.25 CONFOCAL CRAWL VID.lif,.lif,74483805,2025-05-29
L:\02_Duchenne Muscular Dystrophy\Mackenzie\1) CONFOCAL\05.29.26 CONFOCAL RGB PRACTICE SWIM NEW\05.29.26 CONFOCAL RGB PRACTICE SWIM MC.lif,.lif,18729527,2026-05-29
L:\02_Duchenne Muscular Dystrophy\Mackenzie\1) CONFOCAL\06.01.26 CONFOCAL SARCOMERE RNAI SCREEN\06.01.26 CONFOCAL BRANCHING.lif,.lif,2824391647,2026-06-01
L:\02_Duchenne Muscular Dystrophy\Mackenzie\1) CONFOCAL\06.02.25 AVG77 VIDEO CRAWL PRACTICE (2)\06.02.25 CONFOCAL.lif,.lif,182564319,2025-06-02
L:\02_Duchenne Muscular Dystrophy\Mackenzie\1) CONFOCAL\06.02.26 CONFOCAL DYS-1 RNAi STRUCTURE\06.02.26 CONFOCAL DYS-1 STRUCTURE RGB.lif,.lif,1688611741,2026-06-15
L:\02_Duchenne Muscular Dystrophy\Mackenzie\1) CONFOCAL\06.04.26 CONFOCAL PHALLOIDIN 488 PRACTICE\06.04.26 CONFOCAL PHALLOIDIN 488 PRACTICE.lif,.lif,1510893351,2026-06-04
L:\02_Duchenne Muscular Dystrophy\Mackenzie\1) CONFOCAL\06.09.25 AVG77 VID (1)\06.09.25 CONFOCAL.lif,.lif,95775781,2025-06-09
L:\02_Duchenne Muscular Dystrophy\Mackenzie\1) CONFOCAL\06.09.26 CONFOCAL VG02 PHALLOIDIN 488 PRACTICE\06.09.26 CONFOCAL VG02 PHALLOIDIN 488 PRACTIC.lif,.lif,1807214175,2026-06-09
L:\02_Duchenne Muscular Dystrophy\Mackenzie\1) CONFOCAL\06.11.25 AVG77 VID (2)\06.11.25 CONFOCAL.lif,.lif,162347249,2025-06-11
L:\02_Duchenne Muscular Dystrophy\Mackenzie\1) CONFOCAL\06.11.26 CONFOCAL DANNY CELLS\06.11.26 CONFOCAL DANNY CELLS WT DMD.lif,.lif,84682799,2026-06-11
L:\02_Duchenne Muscular Dystrophy\Mackenzie\1) CONFOCAL\06.11.26 CONFOCAL DANNY CELLS\06.11.26 Danny Cells 2.lif,.lif,27583303,2026-06-11
L:\02_Duchenne Muscular Dystrophy\Mackenzie\1) CONFOCAL\06.13.25 AVG77 VID PRACTICE\06.13.25 CONFOCAL.lif,.lif,12399689,2025-06-13
L:\02_Duchenne Muscular Dystrophy\Mackenzie\1) CONFOCAL\06.15.26 CONFOCAL RNAi BRANCHING\06.15.26 RNAi BRANCHING.lif,.lif,1169497927,2026-07-24
L:\02_Duchenne Muscular Dystrophy\Mackenzie\1) CONFOCAL\06.15.26 CONFOCAL RNAi STRUCTURE\06.15.26 CONFOCAL RNAi STRUCTURE.lif,.lif,747620919,2026-06-15
L:\02_Duchenne Muscular Dystrophy\Mackenzie\1) CONFOCAL\06.20.25 AVG77 VID (3)\06.20.25 CONFOCAL.lif,.lif,51032757,2025-06-20
L:\02_Duchenne Muscular Dystrophy\Mackenzie\1) CONFOCAL\06.23.25 AVG77 VID (4)\06.23.25 CONFOCAL VID.lif,.lif,99830033,2025-06-23
L:\02_Duchenne Muscular Dystrophy\Mackenzie\1) CONFOCAL\06.25.25 AVG77 VID (5)\06.25.25 CONFOCAL VID.lif,.lif,127305673,2025-06-25
L:\02_Duchenne Muscular Dystrophy\Mackenzie\1) CONFOCAL\06.27.25 AVG77 VID (6)\06.27.25 CONFOCAL VID.lif,.lif,324436639,2026-06-15
L:\02_Duchenne Muscular Dystrophy\Mackenzie\1) CONFOCAL\06.27.25 AVG77 VID (6)\07.11.25 CONFOCAL VID.lif,.lif,225584667,2025-07-11
L:\02_Duchenne Muscular Dystrophy\Mackenzie\1) CONFOCAL\07.07.26 CONFCAL SONAM TRIAL\07.07.26 CONFOCAL SONAM.lif,.lif,3087218305,2026-07-07
L:\02_Duchenne Muscular Dystrophy\Mackenzie\1) CONFOCAL\07.09.26 SONAM TRIAL 3 DATA\07.09.26 SONAM TRIAL DATA.lif,.lif,2022155783,2026-07-09
L:\02_Duchenne Muscular Dystrophy\Mackenzie\1) CONFOCAL\07.11.25 AVG77 VID (7)\07.11.25 CONFOCAL VID.lif,.lif,225619009,2025-07-11
L:\02_Duchenne Muscular Dystrophy\Mackenzie\1) CONFOCAL\07.16.25 AVG77 EGGS\07.16.25 CONFOCAL.lif,.lif,273307247,2025-07-16
L:\02_Duchenne Muscular Dystrophy\Mackenzie\1) CONFOCAL\07.21.26 CONFOCAL NAGA PRACTICE\07.21.26 CONFOCAL NAGA PRACTICE.lif,.lif,350655339,2026-07-21
L:\02_Duchenne Muscular Dystrophy\Mackenzie\1) CONFOCAL\07.24.26 CONFOCAL NAGA\07.24.26 NAGA.lif,.lif,335426599,2026-07-24
L:\02_Duchenne Muscular Dystrophy\Mackenzie\1) CONFOCAL\07.24.26 POST BURROW MUSCLES\07.24.26 POST BURROW MUSCLES.lif,.lif,335561057,2026-07-24
L:\02_Duchenne Muscular Dystrophy\Mackenzie\1) CONFOCAL\07.29.25 VG04 x GFP CROSSES\07.29.25 CONFOCAL.lif,.lif,16654660955,2025-07-29
L:\02_Duchenne Muscular Dystrophy\Mackenzie\1) CONFOCAL\07.31.26 CONFOCAL VG02 VG03 PHARYNX POST PUMP\07.31.26 CONFOCAL VG02 VGO3 PHARYNX POST PUMP.lif,.lif,1515928049,2026-07-31
L:\02_Duchenne Muscular Dystrophy\Mackenzie\1) CONFOCAL\08.01.25 AVG77 VID (8)\08.01.25 CONFOCAL VID.lif,.lif,86277613,2025-08-01
L:\02_Duchenne Muscular Dystrophy\Mackenzie\1) CONFOCAL\08.06.25 AVG77 VID (9)\08.06.25 CONFOCAL VID.lif,.lif,86289429,2025-08-06
L:\02_Duchenne Muscular Dystrophy\Mackenzie\1) CONFOCAL\09.24.25 AVG77 VID (11)\09.24.25 CONFOCAL DAY 3  WT AVG77 VID.lif,.lif,58128683,2025-10-02
L:\02_Duchenne Muscular Dystrophy\Mackenzie\1) CONFOCAL\09.26.25 AVG77 VID (12)\09.26.25 AVG77 Day 5 WT.lif,.lif,34700143,2025-09-26
L:\02_Duchenne Muscular Dystrophy\Mackenzie\1) CONFOCAL\10.03.25 AVG77 PICS\RGB IMAGES.lif,.lif,24737602217,2025-10-03
L:\02_Duchenne Muscular Dystrophy\Mackenzie\1) CONFOCAL\10.22.25 VGO4 X GFP CROSSES\VGO4 x OH906 MALE CROSS.lif,.lif,4562442465,2025-10-23
L:\02_Duchenne Muscular Dystrophy\Mackenzie\1) CONFOCAL\10.24.25 AVG77 MIDBODY MUSCLE\AVG77 MUSCLE.lif,.lif,10757843917,2025-10-24
L:\02_Duchenne Muscular Dystrophy\Mackenzie\1) CONFOCAL\11.13.25 CONFOCAL OH906 X VGO4 MALE CROSS HEAD\11.13.25 CONFOCAL OH906 X VGO4 MALE.lif,.lif,16829743011,2025-11-13
L:\02_Duchenne Muscular Dystrophy\Mackenzie\1) CONFOCAL\11.18.25 CONFOCAL CZ333 X VG04 MALE CROSS\11.18.25 CONFOCAL CZ333 X VG04 MALE.lif,.lif,14225972815,2025-11-18
L:\02_Duchenne Muscular Dystrophy\Mackenzie\1) CONFOCAL\AVG77 RNAi DAY 1 Confocal\250223_AVG77_RGB_DYS-1A-J.lif,.lif,5989652501,2025-02-23
L:\02_Duchenne Muscular Dystrophy\Mackenzie\1) CONFOCAL\Random E Drive Files\241125_AVG60_FIRST.lif,.lif,271067257,2024-11-25
L:\02_Duchenne Muscular Dystrophy\Mackenzie\1) CONFOCAL\Random E Drive Files\241209_ATU2301_FIRSTLIGHTNING.lif,.lif,1408635663,2024-12-09
L:\02_Duchenne Muscular Dystrophy\Mackenzie\1) CONFOCAL\Random E Drive Files\241220_ATU2301_PRACTICELIGHTNING.lif,.lif,2194758115,2024-12-20
L:\02_Duchenne Muscular Dystrophy\Mackenzie\14) RGB Sequences\08.06.25\AVG77 DAY 3 CRAWL 1 - done - mj\06.15.26 CONFOCAL RNAi BRANCHING\06.15.26 RNAi BRANCHING.lif,.lif,1169497927,2026-07-24
L:\02_Duchenne Muscular Dystrophy\Manuscripts\JPS518 paper\data PNAS\100x health\170811_HKK5_CD5\LSM\HKK5_CD5_1.lsm,.lsm,96516691,2017-08-11
L:\02_Duchenne Muscular Dystrophy\Manuscripts\JPS518 paper\data PNAS\100x health\170811_HKK5_CD5\LSM\HKK5_CD5_Max.lsm,.lsm,4457651,2017-08-11
L:\02_Duchenne Muscular Dystrophy\Manuscripts\JPS518 paper\data PNAS\100x health\170811_HKK5_CD5\LSM\HKK5_CD5_w14.lsm,.lsm,6962347,2017-08-11
L:\02_Duchenne Muscular Dystrophy\Manuscripts\JPS518 paper\data PNAS\100x health\170811_HKK5_CD5\LSM\HKK5_CD5_w14_Max.lsm,.lsm,386709,2017-08-11
L:\02_Duchenne Muscular Dystrophy\Manuscripts\JPS518 paper\data PNAS\100x health\170811_HKK5_CD5\LSM\HKK5_CD5_w3.lsm,.lsm,6962345,2017-08-11
L:\02_Duchenne Muscular Dystrophy\Manuscripts\JPS518 paper\data PNAS\100x health\170811_HKK5_CD5\LSM\HKK5_CD5_w3_Max.lsm,.lsm,386707,2017-08-11
L:\02_Duchenne Muscular Dystrophy\Manuscripts\JPS518 paper\data PNAS\100x health\170811_HKK5_CD5\LSM\HKK5_CD5_w4.lsm,.lsm,6962344,2017-08-11
L:\02_Duchenne Muscular Dystrophy\Manuscripts\JPS518 paper\data PNAS\100x health\170811_HKK5_CD5\LSM\HKK5_CD5_w4_Max.lsm,.lsm,386706,2017-08-11
L:\02_Duchenne Muscular Dystrophy\Manuscripts\JPS518 paper\data PNAS\100x health\170811_HKK5_CD5\p02_worm2\HKK5_CD5_w3_Max.lsm,.lsm,386707,2017-08-11
L:\02_Duchenne Muscular Dystrophy\Manuscripts\JPS518 paper\data PNAS\100x health\170811_HKK5_CD5\p03_worm2\HKK5_CD5_w4_Max.lsm,.lsm,386706,2017-08-11
L:\02_Duchenne Muscular Dystrophy\Manuscripts\JPS518 paper\data PNAS\100x health\170811_HKK5_CD5\p13_worm10\HKK5_CD5_w14_Max.lsm,.lsm,386709,2017-08-11
L:\02_Duchenne Muscular Dystrophy\Manuscripts\JPS518 paper\data PNAS\100x health\171015_HKK5_CD5\HKK5_CD5.lsm,.lsm,170414711,2017-10-15
L:\02_Duchenne Muscular Dystrophy\Manuscripts\JPS518 paper\data PNAS\100x health\171015_HKK5_CD5\HKK5_CD5_Max.lsm,.lsm,5084191,2017-10-15
L:\02_Duchenne Muscular Dystrophy\Manuscripts\JPS518 paper\data PNAS\100x health\171016_HKK22_CD5_100x\worm1\HKK22_CD5_CD5_.lsm,.lsm,12734696,2017-10-16
L:\02_Duchenne Muscular Dystrophy\Manuscripts\JPS518 paper\data PNAS\100x health\171016_HKK22_CD5_100x\worm1\HKK22_CD5_CD5_Max.lsm,.lsm,686078,2017-10-16
L:\02_Duchenne Muscular Dystrophy\Manuscripts\JPS518 paper\data PNAS\100x health\171016_HKK22_CD5_100x\worm1\HKK22_CD5_W1L2_Max.lsm,.lsm,686080,2017-10-16
L:\02_Duchenne Muscular Dystrophy\Manuscripts\JPS518 paper\data PNAS\100x health\171016_HKK22_CD5_100x\worm2\HKK22_CD5_W2L1_Max.lsm,.lsm,686082,2017-10-16
L:\02_Duchenne Muscular Dystrophy\Manuscripts\JPS518 paper\data PNAS\100x health\171016_HKK22_CD5_100x\worm2\HKK22_CD5_W2L2_Max.lsm,.lsm,686082,2017-10-16
L:\02_Duchenne Muscular Dystrophy\Manuscripts\JPS518 paper\data PNAS\100x health\171016_HKK22_CD5_100x\worm3\HKK22_CD5_W3L1_Max.lsm,.lsm,686081,2017-10-16
L:\02_Duchenne Muscular Dystrophy\Manuscripts\JPS518 paper\data PNAS\100x health\171016_HKK22_CD5_100x\worm3\HKK22_CD5_W3L2_Max.lsm,.lsm,686081,2017-10-16
L:\02_Duchenne Muscular Dystrophy\Manuscripts\JPS518 paper\data PNAS\100x health\171016_HKK22_CD5_100x\worm4\HKK22_CD5_W4L1_Max.lsm,.lsm,686080,2017-10-16
L:\02_Duchenne Muscular Dystrophy\Manuscripts\JPS518 paper\data PNAS\100x health\171016_HKK22_CD5_100x\worm4\HKK22_CD5_W4L2_Max.lsm,.lsm,686080,2017-10-16
L:\02_Duchenne Muscular Dystrophy\Manuscripts\JPS518 paper\data PNAS\100x health\171016_HKK22_CD5_100x\worm5\HKK22_CD5_W5L1_Max.lsm,.lsm,686080,2017-10-16
L:\02_Duchenne Muscular Dystrophy\Manuscripts\JPS518 paper\data PNAS\100x health\171016_HKK22_CD5_100x\worm5\HKK22_CD5_W5L2_Max.lsm,.lsm,686080,2017-10-16
L:\02_Duchenne Muscular Dystrophy\Manuscripts\JPS518 paper\data PNAS\100x health\171208_HKK22_CB3%D5\worm 1_p0\HKK22_CB3%D5_max_p0.lsm,.lsm,45162728,2017-12-08
L:\02_Duchenne Muscular Dystrophy\Margarita\confocal\april 18 2025\ATU2301 Deflazacort.lif,.lif,1510032229,2025-04-18
L:\02_Duchenne Muscular Dystrophy\Margarita\confocal\april 18 2025\ATU2301 DMSO.lif,.lif,3775079065,2025-04-18
L:\02_Duchenne Muscular Dystrophy\Margarita\confocal\april 18 2025\ATU2301 Prednisone.lif,.lif,1862393967,2025-04-18
L:\02_Duchenne Muscular Dystrophy\Margarita\confocal\feb 16 2025\z stack of 1percent_1.lif,.lif,475332887,2025-02-16
L:\02_Duchenne Muscular Dystrophy\Margarita\confocal\feb 16 2025\z stack of 1percent_2.lif,.lif,475332887,2025-02-16
L:\02_Duchenne Muscular Dystrophy\Margarita\confocal\feb 16 2025\z stack of 3percent_1.lif,.lif,538288807,2025-02-16
L:\02_Duchenne Muscular Dystrophy\Margarita\confocal\feb 16 2025\z stack of 3percent_2.lif,.lif,601244727,2025-02-16
L:\02_Duchenne Muscular Dystrophy\Margarita\confocal\feb 16 2025\z stack of 6percent_1.lif,.lif,286465159,2025-02-16
L:\02_Duchenne Muscular Dystrophy\Margarita\confocal\feb 16 2025\z stack of 6percent_2.lif,.lif,286465159,2025-02-16
L:\02_Duchenne Muscular Dystrophy\Margarita\confocal\march 17 2025\untreated atu2301\pharynx.lif,.lif,516059841,2025-05-14
L:\02_Duchenne Muscular Dystrophy\Margarita\confocal\march 17 2025\untreated atu2301\pharynx_2.lif,.lif,969168009,2025-03-17
L:\02_Duchenne Muscular Dystrophy\Margarita\confocal\march 17 2025\untreated atu2301\tail end.lif,.lif,667096711,2025-03-17
L:\02_Duchenne Muscular Dystrophy\Margarita\confocal\march 17 2025\untreated atu2301\tail end_2.lif,.lif,1120203691,2025-03-17
L:\02_Duchenne Muscular Dystrophy\Margarita\confocal\march 17 2025\untreated atu2301\vulval region.lif,.lif,969168013,2025-03-17
L:\02_Duchenne Muscular Dystrophy\Margarita\confocal\march 17 2025\untreated atu2301\whole worm.lif,.lif,516060997,2025-03-17
L:\02_Duchenne Muscular Dystrophy\Margarita\confocal\may 13 2025\Def WT 10x _may 13 25.lif,.lif,377570113,2025-05-13
L:\02_Duchenne Muscular Dystrophy\Margarita\confocal\may 13 2025\DMSO WT 10x _may 13 25.lif,.lif,566354799,2025-05-13
L:\02_Duchenne Muscular Dystrophy\Margarita\confocal\may 13 2025\Pre WT 10x _ may 13 25.lif,.lif,566354641,2025-05-13
L:\02_Duchenne Muscular Dystrophy\Margarita\confocal\may 14 2025\ATU2301 Def 10x _ may 14 25.lif,.lif,1213900793,2025-05-14
L:\02_Duchenne Muscular Dystrophy\Margarita\confocal\may 14 2025\ATU2301 DMSO 10x _ may 14 25.lif,.lif,1291410115,2025-05-14
L:\02_Duchenne Muscular Dystrophy\Margarita\confocal\may 14 2025\ATU2301 Pre 10x _ may 14 25.lif,.lif,1256138333,2025-05-14
L:\02_Duchenne Muscular Dystrophy\Margarita\confocal\Untreated ATU2301\10x\mar 31 2025\worm_1.lif,.lif,906174853,2025-03-31
L:\02_Duchenne Muscular Dystrophy\Margarita\confocal\Untreated ATU2301\10x\mar 31 2025\worm_2.lif,.lif,906174923,2025-03-31
L:\02_Duchenne Muscular Dystrophy\Margarita\confocal\Untreated ATU2301\10x\mar 31 2025\worm_3.lif,.lif,906174923,2025-03-31
L:\02_Duchenne Muscular Dystrophy\Margarita\confocal\Untreated ATU2301\10x\mar 31 2025\worm_4.lif,.lif,906174923,2025-03-31
L:\02_Duchenne Muscular Dystrophy\Margarita\confocal\Untreated ATU2301\10x\mar 31 2025\worm_5.lif,.lif,906174923,2025-03-31
L:\02_Duchenne Muscular Dystrophy\Margarita\confocal\Untreated ATU2301\60x\mar 31 2025\worm head_1.lif,.lif,1094959523,2025-03-31
L:\02_Duchenne Muscular Dystrophy\Margarita\confocal\Untreated ATU2301\60x\mar 31 2025\worm_2_head 2.lif,.lif,1472528755,2025-03-31
L:\02_Duchenne Muscular Dystrophy\Margarita\confocal\Untreated ATU2301\60x\mar 31 2025\worm_2_vulva.lif,.lif,1472528763,2025-03-31
L:\02_Duchenne Muscular Dystrophy\Margarita\confocal\Untreated ATU2301\60x\mar 31 2025\worm_3_head 3.lif,.lif,1661313365,2025-03-31
L:\02_Duchenne Muscular Dystrophy\Margarita\confocal\Untreated ATU2301\60x\mar 31 2025\worm_3_vulva 2.lif,.lif,1963384611,2025-03-31
L:\02_Duchenne Muscular Dystrophy\Margarita\confocal\Untreated ATU2301\60x\mar 31 2025\worm_4_head 4.lif,.lif,2114420231,2025-03-31
L:\02_Duchenne Muscular Dystrophy\Margarita\confocal\Untreated ATU2301\60x\mar 31 2025\worm_4_vulva 3.lif,.lif,2416491473,2025-03-31
L:\02_Duchenne Muscular Dystrophy\Margarita\confocal\Untreated AVG6\Untreated AVG6.lif,.lif,755139595,2025-03-31
L:\02_Duchenne Muscular Dystrophy\Margarita\confocal\Untreated VG02xATU2301 1C3\Untreated 1C3 Cross.lif,.lif,2265416839,2025-03-31
L:\02_Duchenne Muscular Dystrophy\Raw Data\Burrowing\Adhishri\Burrowing 2\AndresDys-1\Dys-1 pipette 1 slide\Image 1.czi,.czi,39833984,2014-06-04
L:\02_Duchenne Muscular Dystrophy\Raw Data\Burrowing\Adhishri\Burrowing 2\AndresDys-1\Dys-1 pipette 1 slide\Image 2.czi,.czi,795751008,2014-06-04
L:\02_Duchenne Muscular Dystrophy\Raw Data\Burrowing\Adhishri\Burrowing 2\AndresDys-1\Dys-1 pipette 1 slide\worm3_midsection_63xzoomed1.5.czi,.czi,44270144,2014-06-04
L:\02_Duchenne Muscular Dystrophy\Raw Data\Burrowing\Adhishri\Burrowing 2\AndresDys-1\Dys-1 pipette 1 slide\worm3_tail_63xzoomed1.5.czi,.czi,29508480,2014-06-04
L:\02_Duchenne Muscular Dystrophy\Raw Data\Burrowing\Adhishri\Burrowing 2\AndresDys-1\Dys-1 pipette 2 slide\Image 6.czi,.czi,557045920,2018-09-18
L:\02_Duchenne Muscular Dystrophy\Raw Data\Confocal images\12318_BZ33_CD5_100x_new\BZ33_CD5_1.lsm,.lsm,281559709,2018-12-03
L:\02_Duchenne Muscular Dystrophy\Raw Data\Confocal images\12318_BZ33_CD5_100x_new\BZ33_CD5_10.lsm,.lsm,33058477,2018-12-03
L:\02_Duchenne Muscular Dystrophy\Raw Data\Confocal images\12318_BZ33_CD5_100x_new\BZ33_CD5_11.lsm,.lsm,33058477,2018-12-03
L:\02_Duchenne Muscular Dystrophy\Raw Data\Confocal images\12318_BZ33_CD5_100x_new\BZ33_CD5_1_Max.lsm,.lsm,8869573,2018-12-03
L:\02_Duchenne Muscular Dystrophy\Raw Data\Confocal images\12318_BZ33_CD5_100x_new\BZ33_CD5_2.lsm,.lsm,140815708,2018-12-03
L:\02_Duchenne Muscular Dystrophy\Raw Data\Confocal images\12318_BZ33_CD5_100x_new\BZ33_CD5_2_Max.lsm,.lsm,4470524,2018-12-03
L:\02_Duchenne Muscular Dystrophy\Raw Data\Confocal images\12318_BZ33_CD5_100x_new\BZ33_CD5_3.lsm,.lsm,70443710,2018-12-03
L:\02_Duchenne Muscular Dystrophy\Raw Data\Confocal images\12318_BZ33_CD5_100x_new\BZ33_CD5_4.lsm,.lsm,70443710,2018-12-03
L:\02_Duchenne Muscular Dystrophy\Raw Data\Confocal images\12318_BZ33_CD5_100x_new\BZ33_CD5_5.lsm,.lsm,70443710,2018-12-03
L:\02_Duchenne Muscular Dystrophy\Raw Data\Confocal images\12318_BZ33_CD5_100x_new\BZ33_CD5_6.lsm,.lsm,70443710,2018-12-03
L:\02_Duchenne Muscular Dystrophy\Raw Data\Confocal images\12318_BZ33_CD5_100x_new\BZ33_CD5_7.lsm,.lsm,70443710,2018-12-03
L:\02_Duchenne Muscular Dystrophy\Raw Data\Confocal images\12318_BZ33_CD5_100x_new\BZ33_CD5_8.lsm,.lsm,61647245,2018-12-03
L:\02_Duchenne Muscular Dystrophy\Raw Data\Confocal images\12318_BZ33_CD5_100x_new\BZ33_CD5_9.lsm,.lsm,29759920,2018-12-03
L:\02_Duchenne Muscular Dystrophy\Raw Data\Confocal images\171101_HKK22_ISD1_100x\180618_HKK22L1_red\worm 1\layer 1\w1l1.lsm,.lsm,5394865,2018-06-18
L:\02_Duchenne Muscular Dystrophy\Raw Data\Confocal images\171101_HKK22_ISD1_100x\180618_HKK22L1_red\worm 1\layer 2\w1l2.lsm,.lsm,9152377,2018-06-18
L:\02_Duchenne Muscular Dystrophy\Raw Data\Confocal images\171101_HKK22_ISD1_100x\180618_HKK22L1_red\worm 2\layer 1\w2l1.lsm,.lsm,7899873,2018-06-18
L:\02_Duchenne Muscular Dystrophy\Raw Data\Confocal images\171101_HKK22_ISD1_100x\180618_HKK22L1_red\worm 2\layer 2\w2l2.lsm,.lsm,10091755,2018-06-18
L:\02_Duchenne Muscular Dystrophy\Raw Data\Confocal images\171101_HKK22_ISD1_100x\180618_HKK22L1_red\worm 3\layer 1\w3l1.lsm,.lsm,8839249,2018-06-18
L:\02_Duchenne Muscular Dystrophy\Raw Data\Confocal images\171101_HKK22_ISD1_100x\180618_HKK22L1_red\worm 3\layer 2\w3l2.lsm,.lsm,7899871,2018-06-18
L:\02_Duchenne Muscular Dystrophy\Raw Data\Confocal images\171101_HKK22_ISD1_100x\180618_HKK22L1_red\worm 4\layer 1\w4l1.lsm,.lsm,7899872,2018-06-18
L:\02_Duchenne Muscular Dystrophy\Raw Data\Confocal images\171101_HKK22_ISD1_100x\180618_HKK22L1_red\worm 4\layer 2\w4l2.lsm,.lsm,10404880,2018-06-18
L:\02_Duchenne Muscular Dystrophy\Raw Data\Confocal images\171101_HKK22_ISD1_100x\180618_HKK22L1_red\worm 5\layer 1\w5l1.lsm,.lsm,8212999,2018-06-18
L:\02_Duchenne Muscular Dystrophy\Raw Data\Confocal images\171101_HKK22_ISD1_100x\180618_HKK22L1_red\worm 5\layer 2\w5l2.lsm,.lsm,8839251,2018-06-18
L:\02_Duchenne Muscular Dystrophy\Raw Data\Confocal images\171101_HKK22_ISD1_100x\180618_HKK22L1_red\worm 5\layer 2\REDO\w5l2_redo.lsm,.lsm,12596773,2018-06-18
L:\02_Duchenne Muscular Dystrophy\Raw Data\Confocal images\171101_HKK22_ISD1_100x\180618_HKK5L1_red\worm 1\layer 1\w1l1.lsm,.lsm,8212997,2018-06-18
L:\02_Duchenne Muscular Dystrophy\Raw Data\Confocal images\171101_HKK22_ISD1_100x\180618_HKK5L1_red\worm 1\layer 2\w1l2.lsm,.lsm,7273619,2018-06-18
L:\02_Duchenne Muscular Dystrophy\Raw Data\Confocal images\171101_HKK22_ISD1_100x\180618_HKK5L1_red\worm 2\layer 1\w2l1.lsm,.lsm,8839251,2018-06-18
L:\02_Duchenne Muscular Dystrophy\Raw Data\Confocal images\171101_HKK22_ISD1_100x\180618_HKK5L1_red\worm 2\layer 2\w2l2.lsm,.lsm,8839250,2018-06-18
L:\02_Duchenne Muscular Dystrophy\Raw Data\Confocal images\171101_HKK22_ISD1_100x\180806_CD1_mount\worm 1\180806_HKK22_CD1_w1l1.lsm,.lsm,12283830,2018-08-06
L:\02_Duchenne Muscular Dystrophy\Raw Data\Confocal images\171101_HKK22_ISD1_100x\180806_CD1_mount\worm 2\180806_HKK22_CD1_w2l1.lsm,.lsm,10405074,2018-08-06
L:\02_Duchenne Muscular Dystrophy\Raw Data\Confocal images\171101_HKK22_ISD1_100x\180806_CD1_mount\worm 2\180806_HKK22_CD1_w2l1_Max.lsm,.lsm,385050,2018-08-06
L:\02_Duchenne Muscular Dystrophy\Raw Data\Confocal images\171101_HKK22_ISD1_100x\180806_CD1_mount\worm 2\180806_HKK22_CD1_w2l2.lsm,.lsm,9778822,2018-08-06
L:\02_Duchenne Muscular Dystrophy\Raw Data\Confocal images\171110_HKK5_ISD5_100x\w1\l1\w1l1_Max.lsm,.lsm,686059,2017-11-10
L:\02_Duchenne Muscular Dystrophy\Raw Data\Confocal images\180111_HKK5_CSD3_100x\worm 2\w2l2\w2l2_Max.lsm,.lsm,686060,2018-01-11
L:\02_Duchenne Muscular Dystrophy\Raw Data\Confocal images\180130_HKK22Larva\HKK22_LarvaSwimWorm2\HKK22_LarvaSwimWorm2_2ndLayer.lsm,.lsm,8718517,2018-01-30
L:\02_Duchenne Muscular Dystrophy\Raw Data\Confocal images\180130_HKK22Larva\HKK22_LarvaSwimWorm2\HKK22_LarvaSwim_w21stLayer.lsm,.lsm,11587231,2018-01-30
L:\02_Duchenne Muscular Dystrophy\Raw Data\Confocal images\180428_HKK22_CB3%D3red\worm 1\l1\w1l1.lsm,.lsm,8526123,2018-04-28
L:\02_Duchenne Muscular Dystrophy\Raw Data\Confocal images\180428_HKK22_CB3%D3red\worm 1\l2\w1l2.lsm,.lsm,6647367,2018-04-28
L:\02_Duchenne Muscular Dystrophy\Raw Data\Confocal images\180428_HKK22_CB3%D3red\worm 2\layer 1\w2l1.lsm,.lsm,8212997,2018-04-28
L:\02_Duchenne Muscular Dystrophy\Raw Data\Confocal images\180428_HKK22_CB3%D3red\worm 2\layer 2\w2l2.lsm,.lsm,8526123,2018-04-28
L:\02_Duchenne Muscular Dystrophy\Raw Data\Confocal images\180428_HKK22_CB3%D3red\worm 3\layer 1\w3l1.lsm,.lsm,10718005,2018-04-28
L:\02_Duchenne Muscular Dystrophy\Raw Data\Confocal images\180428_HKK22_CB3%D3red\worm 3\layer 2\w3l2.lsm,.lsm,10091753,2018-04-28
L:\02_Duchenne Muscular Dystrophy\Raw Data\Confocal images\180428_HKK22_CB3%D3red\worm 4\layer 1\w4l1.lsm,.lsm,8212997,2018-04-28
L:\02_Duchenne Muscular Dystrophy\Raw Data\Confocal images\180428_HKK22_CB3%D3red\worm 4\layer 2\w4l2.lsm,.lsm,8212997,2018-04-28
L:\02_Duchenne Muscular Dystrophy\Raw Data\Confocal images\180820_HKK22_CB3%D5alive_20x\180820_HKK22_CB3%D5_alive.lsm,.lsm,115550979,2018-08-20
L:\02_Duchenne Muscular Dystrophy\Raw Data\Confocal images\180821_HKK5_CB3%D5alive_100x\HKK5_CB3%D5_alive_w1.lsm,.lsm,673003699,2018-08-21
L:\02_Duchenne Muscular Dystrophy\Raw Data\Confocal images\180826_N2_CB3%D5_JC-9\worm 1\N2_CB3%D5_JC-9_w1.lsm,.lsm,116208635,2018-08-26
L:\02_Duchenne Muscular Dystrophy\Raw Data\Confocal images\180826_N2_CB3%D5_JC-9\worm 2\N2_CB3%D5_JC-9_w2.lsm,.lsm,101992763,2018-08-26
L:\02_Duchenne Muscular Dystrophy\Raw Data\Confocal images\180826_N2_CB3%D5_JC-9\worm 2\N2_CB3%D5_JC-9_w2_Max.lsm,.lsm,2481667,2018-08-26
L:\02_Duchenne Muscular Dystrophy\Raw Data\Confocal images\180826_N2_CB3%D5_JC-9\worm 3\N2_CB3%D5_JC-9_w3.lsm,.lsm,116208635,2018-08-26
L:\02_Duchenne Muscular Dystrophy\Raw Data\Confocal images\180826_N2_CB3%D5_JC-9\worm 4\N2_CB3%D5_JC-9_w4.lsm,.lsm,97254137,2018-08-26
L:\02_Duchenne Muscular Dystrophy\Raw Data\Confocal images\180826_N2_CB3%D5_JC-9\worm 5\N2_CB3%D5_JC-9_w5.lsm,.lsm,113839322,2018-08-26
L:\02_Duchenne Muscular Dystrophy\Raw Data\Confocal images\180826_N2_CB3%D5_JC-9\worm 5\N2_CB3%D5_JC-9_w5_Max_green.lsm,.lsm,1289945,2018-08-26
L:\02_Duchenne Muscular Dystrophy\Raw Data\Confocal images\2015_June\Andres 11-12-14 confocal\1 - worm1.czi,.czi,88256416,2014-11-12
L:\02_Duchenne Muscular Dystrophy\Raw Data\Confocal images\2015_June\Andres 11-12-14 confocal\1 - worm2.czi,.czi,115815360,2014-11-12
L:\02_Duchenne Muscular Dystrophy\Raw Data\Confocal images\2015_June\Andres 11-12-14 confocal\1 - worm3.czi,.czi,115822240,2014-11-12
L:\02_Duchenne Muscular Dystrophy\Raw Data\Confocal images\2015_June\Andres 11-12-14 confocal\1 - worm4.czi,.czi,110301280,2014-11-12
L:\02_Duchenne Muscular Dystrophy\Raw Data\Confocal images\2015_June\Andres 11-12-14 confocal\1 - worm5.czi,.czi,99283328,2014-11-12
L:\02_Duchenne Muscular Dystrophy\Raw Data\Confocal images\2015_June\Andres 11-12-14 confocal\1 - worm6.czi,.czi,110339872,2014-11-12
L:\02_Duchenne Muscular Dystrophy\Raw Data\Confocal images\2015_June\Andres 11-12-14 confocal\2 - worm1.czi,.czi,49708640,2014-11-12
L:\02_Duchenne Muscular Dystrophy\Raw Data\Confocal images\2015_June\Andres 11-12-14 confocal\2 - worm2.czi,.czi,93798880,2014-11-12
L:\02_Duchenne Muscular Dystrophy\Raw Data\Confocal images\2015_June\Andres 11-12-14 confocal\2 - worm3.czi,.czi,77262592,2014-11-12
L:\02_Duchenne Muscular Dystrophy\Raw Data\Confocal images\2015_June\Andres 11-12-14 confocal\2 - worm4.czi,.czi,88299360,2014-11-12
L:\02_Duchenne Muscular Dystrophy\Raw Data\Confocal images\2015_June\Andres 11-12-14 confocal\2 - worm5.czi,.czi,66240672,2014-11-12
L:\02_Duchenne Muscular Dystrophy\Raw Data\Confocal images\2015_June\Andres 11-12-14 confocal\2 - worm6.czi,.czi,104824960,2014-11-12
L:\02_Duchenne Muscular Dystrophy\Raw Data\Confocal images\2015_June\Andres 11-12-14 confocal\3 - worm1.czi,.czi,82776512,2014-11-12
L:\02_Duchenne Muscular Dystrophy\Raw Data\Confocal images\2015_June\Andres 11-12-14 confocal\3 - worm2.czi,.czi,99304160,2014-11-12
L:\02_Duchenne Muscular Dystrophy\Raw Data\Confocal images\2015_June\Andres 11-12-14 confocal\3 - worm3.czi,.czi,99317600,2014-11-12
L:\02_Duchenne Muscular Dystrophy\Raw Data\Confocal images\2015_June\Andres 11-12-14 confocal\3 - worm4.czi,.czi,93797568,2014-11-12
L:\02_Duchenne Muscular Dystrophy\Raw Data\Confocal images\2015_June\Andres 11-12-14 confocal\3 - worm5.czi,.czi,104832320,2014-11-12
L:\02_Duchenne Muscular Dystrophy\Raw Data\Confocal images\2015_June\Andres 11-12-14 confocal\3 - worm6.czi,.czi,93801952,2014-11-12
L:\02_Duchenne Muscular Dystrophy\Raw Data\Confocal images\9818_BZ33_Cd5_Jc-9 AO\BZ33_CD5_w1.lsm,.lsm,70951265,2018-09-09
L:\02_Duchenne Muscular Dystrophy\Raw Data\Confocal images\9818_BZ33_Cd5_Jc-9 AO\w2\BZ33_CD5_w2.lsm,.lsm,109590208,2018-09-09
L:\02_Duchenne Muscular Dystrophy\Raw Data\Confocal images\9818_BZ33_Cd5_Jc-9 AO\w3\BZ33_CD5_w3.lsm,.lsm,85977521,2018-09-09
L:\02_Duchenne Muscular Dystrophy\Raw Data\Confocal images\9818_BZ33_Cd5_Jc-9 AO\w4\BZ33_CD5_w4.lsm,.lsm,88124127,2018-09-09
L:\02_Duchenne Muscular Dystrophy\Raw Data\Confocal images\9818_BZ33_Cd5_Jc-9 AO\w4\BZ33_CD5_w4_Max.lsm,.lsm,2259815,2018-09-09
L:\02_Duchenne Muscular Dystrophy\Raw Data\Confocal images\9818_BZ33_Cd5_Jc-9 AO\w5\BZ33_CD5_w5.lsm,.lsm,96710561,2018-09-09
L:\02_Duchenne Muscular Dystrophy\Raw Data\Confocal images\9818_BZ33_Cd5_Jc-9 AO\w6\BZ33_CD5_w6.lsm,.lsm,101003776,2018-09-09
L:\02_Duchenne Muscular Dystrophy\Raw Data\Confocal images\9818_N2_Cd5_Jc-9 AO\10x\HKK22_CD5.lsm,.lsm,438021327,2018-09-09
L:\02_Duchenne Muscular Dystrophy\Raw Data\Confocal images\9818_N2_Cd5_Jc-9 AO\w1\HKK22_CD5_w1.lsm,.lsm,66657313,2018-09-09
L:\02_Duchenne Muscular Dystrophy\Raw Data\Confocal images\9818_N2_Cd5_Jc-9 AO\w1.2\HKK22_CD5_w12.lsm,.lsm,66657315,2018-09-09
L:\02_Duchenne Muscular Dystrophy\Raw Data\Confocal images\9818_N2_Cd5_Jc-9 AO\w1.2\HKK22_CD5_w12_Max.lsm,.lsm,2259083,2018-09-09
L:\02_Duchenne Muscular Dystrophy\Raw Data\Confocal images\9818_N2_Cd5_Jc-9 AO\w2\HKK22_CD5_w2.lsm,.lsm,92416609,2018-09-09
L:\02_Duchenne Muscular Dystrophy\Raw Data\Confocal images\9818_N2_Cd5_Jc-9 AO\w3\HKK22_CD5_w3.lsm,.lsm,98856434,2018-09-09
L:\02_Duchenne Muscular Dystrophy\Raw Data\Confocal images\9818_N2_Cd5_Jc-9 AO\w4\HKK22_CD5_w4.lsm,.lsm,103149649,2018-09-09
L:\02_Duchenne Muscular Dystrophy\Raw Data\Confocal images\9818_N2_Cd5_Jc-9 AO\w5\HKK22_CD5_w5.lsm,.lsm,58070882,2018-09-09
L:\02_Duchenne Muscular Dystrophy\Raw Data\Confocal images\9918_BZ33_CBD5_Jc-9 AO\w1\BZ33_CBD5_w1.lsm,.lsm,73097148,2018-09-09
L:\02_Duchenne Muscular Dystrophy\Raw Data\Confocal images\9918_BZ33_CBD5_Jc-9 AO\w1\BZ33_CBD5_w1_Max.lsm,.lsm,2259092,2018-09-09
L:\02_Duchenne Muscular Dystrophy\Raw Data\Confocal images\9918_BZ33_CBD5_Jc-9 AO\w2\BZ33_CBD5_w2.lsm,.lsm,98856444,2018-09-09
L:\02_Duchenne Muscular Dystrophy\Raw Data\Confocal images\9918_BZ33_CBD5_Jc-9 AO\w2\BZ33_CBD5_w2_Max.lsm,.lsm,2259092,2018-09-09
L:\02_Duchenne Muscular Dystrophy\Raw Data\Confocal images\9918_BZ33_CBD5_Jc-9 AO\w3\BZ33_CBD5_w3.lsm,.lsm,77390365,2018-09-09
L:\02_Duchenne Muscular Dystrophy\Raw Data\Confocal images\9918_BZ33_CBD5_Jc-9 AO\w4\BZ33_CBD5_w4.lsm,.lsm,90270013,2018-09-09
L:\02_Duchenne Muscular Dystrophy\Raw Data\Confocal images\9918_BZ33_CBD5_Jc-9 AO\w5\BZ33_CBD5_w5.lsm,.lsm,75243757,2018-09-09
L:\02_Duchenne Muscular Dystrophy\Raw Data\Confocal images\9918_BZ33_CBD5_Jc-9 AO\w5\BZ33_CBD5_w5_Max.lsm,.lsm,2259093,2018-09-09
L:\02_Duchenne Muscular Dystrophy\Raw Data\Confocal images\9918_N2_CBD5_Jc-9 AO\w1\N2_CBD5_w1.lsm,.lsm,92416616,2018-09-09
L:\02_Duchenne Muscular Dystrophy\Raw Data\Confocal images\9918_N2_CBD5_Jc-9 AO\w1\N2_CBD5_w1_Max.lsm,.lsm,2259088,2018-09-09
L:\02_Duchenne Muscular Dystrophy\Raw Data\Confocal images\9918_N2_CBD5_Jc-9 AO\w2\N2_CBD5_w2.lsm,.lsm,81683578,2018-09-09
L:\02_Duchenne Muscular Dystrophy\Raw Data\Confocal images\9918_N2_CBD5_Jc-9 AO\w3\N2_CBD5_w3.lsm,.lsm,51631064,2018-09-09
L:\02_Duchenne Muscular Dystrophy\Raw Data\Confocal images\9918_N2_CBD5_Jc-9 AO\w3\N2_CBD5_w3_Max.lsm,.lsm,2259088,2018-09-09
L:\02_Duchenne Muscular Dystrophy\Raw Data\Confocal images\9918_N2_CBD5_Jc-9 AO\w4\N2_CBD5_w4.lsm,.lsm,73097144,2018-09-09
L:\02_Duchenne Muscular Dystrophy\Raw Data\Confocal images\AndresDys1-8-26-14\AndresDys1-9-4-14\JPS 570 plate\Worm1.czi,.czi,28010912,2014-09-04
L:\02_Duchenne Muscular Dystrophy\Raw Data\Confocal images\AndresDys1-8-26-14\AndresDys1-9-4-14\JPS 570 plate\Worm2.czi,.czi,19424320,2014-09-04
L:\02_Duchenne Muscular Dystrophy\Raw Data\Confocal images\AndresDys1-8-26-14\AndresDys1-9-4-14\JPS 570 plate\Worm3.czi,.czi,25861120,2014-09-04
L:\02_Duchenne Muscular Dystrophy\Raw Data\Confocal images\AndresDys1-8-26-14\AndresDys1-9-4-14\JPS 570 plate\Worm4.czi,.czi,30161824,2014-09-04
L:\02_Duchenne Muscular Dystrophy\Raw Data\Confocal images\AndresDys1-8-26-14\JPS 518 - burrowing 1\Worm 5 - tail - 63x.czi,.czi,13728128,2014-09-04
L:\02_Duchenne Muscular Dystrophy\Raw Data\Confocal images\AndresDys1-8-26-14\JPS 518 - burrowing 1\Worm1 - tail - 63x.czi,.czi,7869760,2014-09-04
L:\02_Duchenne Muscular Dystrophy\Raw Data\Confocal images\AndresDys1-8-26-14\JPS 518 - burrowing 1\Worm2 - tail - 63x.czi,.czi,9826176,2014-09-04
L:\02_Duchenne Muscular Dystrophy\Raw Data\Confocal images\AndresDys1-8-26-14\JPS 518 - burrowing 1\Worm3 - tail - 63x.czi,.czi,13739072,2014-09-04
L:\02_Duchenne Muscular Dystrophy\Raw Data\Confocal images\AndresDys1-8-26-14\JPS 518 - burrowing 1\Worm4 - tail - 63x.czi,.czi,15689152,2014-09-04
L:\02_Duchenne Muscular Dystrophy\Raw Data\Confocal images\AndresDys1-8-26-14\JPS 518 - crawling\Worm 2 - tail - 63x.czi,.czi,15685216,2014-09-04
L:\02_Duchenne Muscular Dystrophy\Raw Data\Confocal images\AndresDys1-8-26-14\JPS 518 - crawling\Worm 3 - tail - 63x.czi,.czi,23500096,2014-09-04
L:\02_Duchenne Muscular Dystrophy\Raw Data\Confocal images\AndresDys1-8-26-14\JPS 518 - crawling\Worm 4 - tail - 63x.czi,.czi,17648352,2014-09-04
L:\02_Duchenne Muscular Dystrophy\Raw Data\Confocal images\AndresDys1-8-26-14\JPS 518 - crawling\Worm1 - tail - 63x.czi,.czi,14709504,2014-09-04
L:\02_Duchenne Muscular Dystrophy\Raw Data\Confocal images\MARS\180509_earth_gen5_D5\earth_gen5_D5.lsm,.lsm,74699725,2018-05-09
L:\02_Duchenne Muscular Dystrophy\Raw Data\Confocal images\MARS\180509_earth_gen5_D5\green\earth_gen5_D5_green.lsm,.lsm,40786066,2018-05-09
L:\02_Duchenne Muscular Dystrophy\Raw Data\Confocal images\MARS\180509_earth_gen5_D5\green\earth_gen5_D5_green_Max.lsm,.lsm,1645324,2018-05-09
L:\02_Duchenne Muscular Dystrophy\Raw Data\Confocal images\MARS\180509_earth_gen5_D5\red\earth_gen5_D5_red.lsm,.lsm,40786062,2018-05-09
L:\02_Duchenne Muscular Dystrophy\Raw Data\Confocal images\MARS\180509_earth_gen5_D5\red\earth_gen5_D5_red_Max.lsm,.lsm,1645320,2018-05-09
L:\02_Duchenne Muscular Dystrophy\Raw Data\Confocal images\MARS\180509_Mars_gen5_D5\Mars_gen5_D5.lsm,.lsm,71831006,2018-05-09
L:\02_Duchenne Muscular Dystrophy\Raw Data\Confocal images\MARS\180509_Mars_gen5_D5\Mars_gen5_D5_Max.lsm,.lsm,2981734,2018-05-09
L:\02_Duchenne Muscular Dystrophy\Raw Data\Confocal images\MARS\180509_Mars_gen5_D5\green\Mars_gen5_D5_green.lsm,.lsm,39220437,2018-05-09
L:\02_Duchenne Muscular Dystrophy\Raw Data\Confocal images\MARS\180509_Mars_gen5_D5\green\Mars_gen5_D5_green_Max.lsm,.lsm,1645325,2018-05-09
L:\02_Duchenne Muscular Dystrophy\Raw Data\Confocal images\MARS\180509_Mars_gen5_D5\red\Mars_gen5_D5_red.lsm,.lsm,39220433,2018-05-09
L:\02_Duchenne Muscular Dystrophy\Raw Data\Confocal images\MARS\180509_Mars_gen5_D5\red\Mars_gen5_D5_red_Max.lsm,.lsm,1645321,2018-05-09
L:\02_Duchenne Muscular Dystrophy\Raw Data\Confocal images\MARS\180509_Mars_gen5_D5\REDO\Mars_gen5_D5_REDO.lsm,.lsm,14456032,2018-05-09
L:\02_Duchenne Muscular Dystrophy\Raw Data\Confocal images\MARS\180509_Mars_gen5_D5\REDO\Mars_gen5_D5_REDO_Max.lsm,.lsm,686184,2018-05-09
L:\02_Duchenne Muscular Dystrophy\Raw Data\Confocal images\MARS\180509_Mars_gen5_D5\REDO\Mars_gen5_D5_REDO_Max_green.lsm,.lsm,392247,2018-05-09
L:\02_Duchenne Muscular Dystrophy\Raw Data\Confocal images\MARS\180509_Mars_gen5_D5\REDO\Mars_gen5_D5_REDO_red.lsm,.lsm,7907259,2018-05-09
L:\02_Duchenne Muscular Dystrophy\Raw Data\Confocal images\MARS\180510_earthday7_gen5\earth day 7 gen 5.lsm,.lsm,15029653,2018-05-10
L:\02_Duchenne Muscular Dystrophy\Raw Data\Confocal images\MARS\180510_marsday7_gen5\marsday7_gen5.lsm,.lsm,57487399,2018-05-10
L:\02_Duchenne Muscular Dystrophy\Raw Data\Confocal images\MARS\180510_marsday7_gen5\marsday7_gen5_Max.lsm,.lsm,2981727,2018-05-10
L:\02_Duchenne Muscular Dystrophy\Raw Data\Confocal images\MARS\180510_marsday7_gen5\green\marsday7_gen5_green.lsm,.lsm,31392280,2018-05-10
L:\02_Duchenne Muscular Dystrophy\Raw Data\Confocal images\MARS\180510_marsday7_gen5\red\marsday7_gen5_red.lsm,.lsm,31392276,2018-05-10
L:\02_Duchenne Muscular Dystrophy\Raw Data\Confocal images\older confocal not in paper\081518_anti GFP\081518_HKK22_anti GFP_worm 1.lsm,.lsm,64510597,2018-08-15
L:\02_Duchenne Muscular Dystrophy\Raw Data\Confocal images\older confocal not in paper\081618_HKK22_antigfp\worm 1\HKK22_w1_cut site\HKK22_w1_cutsite.lsm,.lsm,64510573,2018-08-16
L:\02_Duchenne Muscular Dystrophy\Raw Data\Confocal images\older confocal not in paper\081618_HKK22_antigfp\worm 1\HKK22_w1_midbody\HKK22_w1_midbody.lsm,.lsm,40897884,2018-08-16
L:\02_Duchenne Muscular Dystrophy\Raw Data\Confocal images\older confocal not in paper\081618_HKK22_antigfp\worm 2\HKK22_w2_cut site\HKK22_w1_cut site.lsm,.lsm,94563087,2018-08-16
L:\02_Duchenne Muscular Dystrophy\Raw Data\Confocal images\older confocal not in paper\081618_HKK22_antigfp\worm 2\HKK22_w2_midbody\HKK22_w2_midbody.lsm,.lsm,75243614,2018-08-16
L:\02_Duchenne Muscular Dystrophy\Raw Data\Confocal images\older confocal not in paper\11118_N2_IBD5\w1\w1l1.lsm,.lsm,39655811,2018-11-01
L:\02_Duchenne Muscular Dystrophy\Raw Data\Confocal images\older confocal not in paper\11118_N2_IBD5\w1\w1l10.lsm,.lsm,27560675,2018-11-01
L:\02_Duchenne Muscular Dystrophy\Raw Data\Confocal images\older confocal not in paper\11118_N2_IBD5\w1\w1l11.lsm,.lsm,27560675,2018-11-01
L:\02_Duchenne Muscular Dystrophy\Raw Data\Confocal images\older confocal not in paper\11118_N2_IBD5\w1\w1l12.lsm,.lsm,27560675,2018-11-01
L:\02_Duchenne Muscular Dystrophy\Raw Data\Confocal images\older confocal not in paper\11118_N2_IBD5\w1\w1l13.lsm,.lsm,27560675,2018-11-01
L:\02_Duchenne Muscular Dystrophy\Raw Data\Confocal images\older confocal not in paper\11118_N2_IBD5\w1\w1l14.lsm,.lsm,27560675,2018-11-01
L:\02_Duchenne Muscular Dystrophy\Raw Data\Confocal images\older confocal not in paper\11118_N2_IBD5\w1\w1l15.lsm,.lsm,27560675,2018-11-01
L:\02_Duchenne Muscular Dystrophy\Raw Data\Confocal images\older confocal not in paper\11118_N2_IBD5\w1\w1l16.lsm,.lsm,27560675,2018-11-01
L:\02_Duchenne Muscular Dystrophy\Raw Data\Confocal images\older confocal not in paper\11118_N2_IBD5\w1\w1l17.lsm,.lsm,27560675,2018-11-01
L:\02_Duchenne Muscular Dystrophy\Raw Data\Confocal images\older confocal not in paper\11118_N2_IBD5\w1\w1l17_Max.lsm,.lsm,1171291,2018-11-01
L:\02_Duchenne Muscular Dystrophy\Raw Data\Confocal images\older confocal not in paper\11118_N2_IBD5\w1\w1l18.lsm,.lsm,27560675,2018-11-01
L:\02_Duchenne Muscular Dystrophy\Raw Data\Confocal images\older confocal not in paper\11118_N2_IBD5\w1\w1l19.lsm,.lsm,25361559,2018-11-01
L:\02_Duchenne Muscular Dystrophy\Raw Data\Confocal images\older confocal not in paper\11118_N2_IBD5\w1\w1l2.lsm,.lsm,33058463,2018-11-01
L:\02_Duchenne Muscular Dystrophy\Raw Data\Confocal images\older confocal not in paper\11118_N2_IBD5\w1\w1l20.lsm,.lsm,25361560,2018-11-01
L:\02_Duchenne Muscular Dystrophy\Raw Data\Confocal images\older confocal not in paper\11118_N2_IBD5\w1\w1l21.lsm,.lsm,30859349,2018-11-01
L:\02_Duchenne Muscular Dystrophy\Raw Data\Confocal images\older confocal not in paper\11118_N2_IBD5\w1\w1l22.lsm,.lsm,30859349,2018-11-01
L:\02_Duchenne Muscular Dystrophy\Raw Data\Confocal images\older confocal not in paper\11118_N2_IBD5\w1\w1l23.lsm,.lsm,30859350,2018-11-01
L:\02_Duchenne Muscular Dystrophy\Raw Data\Confocal images\older confocal not in paper\11118_N2_IBD5\w1\w1l24.lsm,.lsm,30859350,2018-11-01
L:\02_Duchenne Muscular Dystrophy\Raw Data\Confocal images\older confocal not in paper\11118_N2_IBD5\w1\w1l25.lsm,.lsm,30859349,2018-11-01
L:\02_Duchenne Muscular Dystrophy\Raw Data\Confocal images\older confocal not in paper\11118_N2_IBD5\w1\w1l26.lsm,.lsm,30859349,2018-11-01
L:\02_Duchenne Muscular Dystrophy\Raw Data\Confocal images\older confocal not in paper\11118_N2_IBD5\w1\w1l27.lsm,.lsm,27560675,2018-11-01
L:\02_Duchenne Muscular Dystrophy\Raw Data\Confocal images\older confocal not in paper\11118_N2_IBD5\w1\w1l28.lsm,.lsm,27560675,2018-11-01
L:\02_Duchenne Muscular Dystrophy\Raw Data\Confocal images\older confocal not in paper\11118_N2_IBD5\w1\w1l29.lsm,.lsm,27560675,2018-11-01
L:\02_Duchenne Muscular Dystrophy\Raw Data\Confocal images\older confocal not in paper\11118_N2_IBD5\w1\w1l3.lsm,.lsm,33058463,2018-11-01
L:\02_Duchenne Muscular Dystrophy\Raw Data\Confocal images\older confocal not in paper\11118_N2_IBD5\w1\w1l30.lsm,.lsm,27560675,2018-11-01
L:\02_Duchenne Muscular Dystrophy\Raw Data\Confocal images\older confocal not in paper\11118_N2_IBD5\w1\w1l31.lsm,.lsm,27560675,2018-11-01
L:\02_Duchenne Muscular Dystrophy\Raw Data\Confocal images\older confocal not in paper\11118_N2_IBD5\w1\w1l32.lsm,.lsm,27560675,2018-11-01
L:\02_Duchenne Muscular Dystrophy\Raw Data\Confocal images\older confocal not in paper\11118_N2_IBD5\w1\w1l33.lsm,.lsm,27560675,2018-11-01
L:\02_Duchenne Muscular Dystrophy\Raw Data\Confocal images\older confocal not in paper\11118_N2_IBD5\w1\w1l34.lsm,.lsm,27560675,2018-11-01
L:\02_Duchenne Muscular Dystrophy\Raw Data\Confocal images\older confocal not in paper\11118_N2_IBD5\w1\w1l4.lsm,.lsm,33058463,2018-11-01
L:\02_Duchenne Muscular Dystrophy\Raw Data\Confocal images\older confocal not in paper\11118_N2_IBD5\w1\w1l4_Max.lsm,.lsm,1171289,2018-11-01
L:\02_Duchenne Muscular Dystrophy\Raw Data\Confocal images\older confocal not in paper\11118_N2_IBD5\w1\w1l5.lsm,.lsm,33058463,2018-11-01
L:\02_Duchenne Muscular Dystrophy\Raw Data\Confocal images\older confocal not in paper\11118_N2_IBD5\w1\w1l6.lsm,.lsm,28660231,2018-11-01
L:\02_Duchenne Muscular Dystrophy\Raw Data\Confocal images\older confocal not in paper\11118_N2_IBD5\w1\w1l7.lsm,.lsm,28660231,2018-11-01
L:\02_Duchenne Muscular Dystrophy\Raw Data\Confocal images\older confocal not in paper\11118_N2_IBD5\w1\w1l8.lsm,.lsm,28660231,2018-11-01
L:\02_Duchenne Muscular Dystrophy\Raw Data\Confocal images\older confocal not in paper\11118_N2_IBD5\w1\w1l9.lsm,.lsm,27560673,2018-11-01
L:\02_Duchenne Muscular Dystrophy\Raw Data\Confocal images\older confocal not in paper\11118_N2_IBD5\w2\w2.lsm,.lsm,176001695,2018-11-02
L:\02_Duchenne Muscular Dystrophy\Raw Data\Confocal images\older confocal not in paper\11118_N2_IBD5\w2\w2_1.lsm,.lsm,211187700,2018-11-02
L:\02_Duchenne Muscular Dystrophy\Raw Data\Confocal images\older confocal not in paper\11118_N2_IBD5\w2\w2_2.lsm,.lsm,211187700,2018-11-02
L:\02_Duchenne Muscular Dystrophy\Raw Data\Confocal images\older confocal not in paper\11118_N2_IBD5\w2\w2_3.lsm,.lsm,211187700,2018-11-02
L:\02_Duchenne Muscular Dystrophy\Raw Data\Confocal images\older confocal not in paper\11118_N2_IBD5\w2\w2_4.lsm,.lsm,844535716,2018-11-02
L:\02_Duchenne Muscular Dystrophy\Raw Data\Confocal images\older confocal not in paper\11118_N2_IBD5\w3\w3.lsm,.lsm,234319804,2018-11-04
L:\02_Duchenne Muscular Dystrophy\Raw Data\Confocal images\older confocal not in paper\11118_N2_IBD5\w4\w4.lsm,.lsm,300676994,2018-11-04
L:\02_Duchenne Muscular Dystrophy\Raw Data\Confocal images\older confocal not in paper\11518_BZ33_IBD5\w1\BZ33_IBD5_w1.lsm,.lsm,225550797,2018-11-05
L:\02_Duchenne Muscular Dystrophy\Raw Data\Confocal images\older confocal not in paper\11518_BZ33_IBD5\w2\BZ33_IBD5_w2.lsm,.lsm,177617151,2018-11-05
L:\02_Duchenne Muscular Dystrophy\Raw Data\Confocal images\older confocal not in paper\11518_BZ33_IBD5\w3\BZ33_IBD5_w3.lsm,.lsm,202980790,2018-11-05
L:\02_Duchenne Muscular Dystrophy\Raw Data\Confocal images\older confocal not in paper\11518_BZ33_IBD5\w4\BZ33_IBD5_w4.lsm,.lsm,258405407,2018-11-05
L:\02_Duchenne Muscular Dystrophy\Raw Data\Confocal images\older confocal not in paper\11518_BZ33_IBD5\w4\BZ33_IBD5_w4_10x.lsm,.lsm,6021118,2018-11-05
L:\02_Duchenne Muscular Dystrophy\Raw Data\Confocal images\older confocal not in paper\11518_BZ33_IBD5\w4\BZ33_IBD5_w4_10x_Max.lsm,.lsm,384858,2018-11-05
L:\02_Duchenne Muscular Dystrophy\Raw Data\Confocal images\older confocal not in paper\11518_BZ33_IBD5\w5\BZ33_IBD5_w5.lsm,.lsm,208930046,2018-11-05
"L:\02_Duchenne Muscular Dystrophy\Raw Data\Confocal images\older confocal not in paper\171026_HKK5_CB3pc_D1\Redo (p 3, 6, 7, 8)\Image3_p1018.lsm",.lsm,1324787,2017-10-26
"L:\02_Duchenne Muscular Dystrophy\Raw Data\Confocal images\older confocal not in paper\171026_HKK5_CB3pc_D1\Redo (p 3, 6, 7, 8)\Image3_p2023.lsm",.lsm,1324787,2017-10-26
L:\02_Duchenne Muscular Dystrophy\Raw Data\Confocal images\older confocal not in paper\171208_HKK22_CB3%D5\HKK22_CB3%D5_max_p0.lsm,.lsm,45162728,2017-12-08
L:\02_Duchenne Muscular Dystrophy\Raw Data\Confocal images\older confocal not in paper\180318_HKK5_CB6%D5\w1\w1l1\HKK5_CB6%D5_w1l1_max.lsm,.lsm,9778675,2018-03-18
L:\02_Duchenne Muscular Dystrophy\Raw Data\Confocal images\older confocal not in paper\180511_HKK22_CD5\w1\l1\HKK22_CD5_w1l1.lsm,.lsm,6960535,2018-05-11
L:\02_Duchenne Muscular Dystrophy\Raw Data\Confocal images\older confocal not in paper\180511_HKK22_CD5\w1\l2\HKK22_CD5_w1l2.lsm,.lsm,10404921,2018-05-11
L:\02_Duchenne Muscular Dystrophy\Raw Data\Confocal images\older confocal not in paper\180511_HKK22_CD5\w2\l1\HKK22_CD5_w2l1.lsm,.lsm,4455527,2018-05-11
L:\02_Duchenne Muscular Dystrophy\Raw Data\Confocal images\older confocal not in paper\180511_HKK22_CD5\w2\l2\HKK22_CD5_w2l2.lsm,.lsm,7899913,2018-05-11
L:\02_Duchenne Muscular Dystrophy\Raw Data\Confocal images\older confocal not in paper\180511_HKK22_CD5\w3\layer 1\HKK22_CD5_w3l1.lsm,.lsm,4455528,2018-05-11
L:\02_Duchenne Muscular Dystrophy\Raw Data\Confocal images\older confocal not in paper\180511_HKK22_CD5\w3\layer 2\HKK22_CD5_w3l2.lsm,.lsm,6021157,2018-05-11
L:\02_Duchenne Muscular Dystrophy\Raw Data\Confocal images\older confocal not in paper\180618_HKK22L1_red\worm 1\layer 1\w1l1.lsm,.lsm,5394865,2018-06-18
L:\02_Duchenne Muscular Dystrophy\Raw Data\Confocal images\older confocal not in paper\180618_HKK22L1_red\worm 1\layer 2\w1l2.lsm,.lsm,9152377,2018-06-18
L:\02_Duchenne Muscular Dystrophy\Raw Data\Confocal images\older confocal not in paper\180618_HKK22L1_red\worm 2\layer 1\w2l1.lsm,.lsm,7899873,2018-06-18
L:\02_Duchenne Muscular Dystrophy\Raw Data\Confocal images\older confocal not in paper\180618_HKK22L1_red\worm 2\layer 2\w2l2.lsm,.lsm,10091755,2018-06-18
L:\02_Duchenne Muscular Dystrophy\Raw Data\Confocal images\older confocal not in paper\180618_HKK22L1_red\worm 3\layer 1\w3l1.lsm,.lsm,8839249,2018-06-18
L:\02_Duchenne Muscular Dystrophy\Raw Data\Confocal images\older confocal not in paper\180618_HKK22L1_red\worm 3\layer 2\w3l2.lsm,.lsm,7899871,2018-06-18
L:\02_Duchenne Muscular Dystrophy\Raw Data\Confocal images\older confocal not in paper\180618_HKK22L1_red\worm 4\layer 1\w4l1.lsm,.lsm,7899872,2018-06-18
L:\02_Duchenne Muscular Dystrophy\Raw Data\Confocal images\older confocal not in paper\180618_HKK22L1_red\worm 4\layer 2\w4l2.lsm,.lsm,10404880,2018-06-18
L:\02_Duchenne Muscular Dystrophy\Raw Data\Confocal images\older confocal not in paper\180618_HKK22L1_red\worm 5\layer 1\w5l1.lsm,.lsm,8212999,2018-06-18
L:\02_Duchenne Muscular Dystrophy\Raw Data\Confocal images\older confocal not in paper\180618_HKK22L1_red\worm 5\layer 2\w5l2.lsm,.lsm,8839251,2018-06-18
L:\02_Duchenne Muscular Dystrophy\Raw Data\Confocal images\older confocal not in paper\180618_HKK22L1_red\worm 5\layer 2\REDO\w5l2_redo.lsm,.lsm,12596773,2018-06-18
L:\02_Duchenne Muscular Dystrophy\Raw Data\Confocal images\older confocal not in paper\180618_HKK5L1_red\worm 1\layer 1\w1l1.lsm,.lsm,8212997,2018-06-18
L:\02_Duchenne Muscular Dystrophy\Raw Data\Confocal images\older confocal not in paper\180618_HKK5L1_red\worm 1\layer 2\w1l2.lsm,.lsm,7273619,2018-06-18
L:\02_Duchenne Muscular Dystrophy\Raw Data\Confocal images\older confocal not in paper\180618_HKK5L1_red\worm 2\layer 1\w2l1.lsm,.lsm,8839251,2018-06-18
L:\02_Duchenne Muscular Dystrophy\Raw Data\Confocal images\older confocal not in paper\180618_HKK5L1_red\worm 2\layer 2\w2l2.lsm,.lsm,8839250,2018-06-18
L:\02_Duchenne Muscular Dystrophy\Raw Data\Confocal images\older confocal not in paper\180806_CD1_mount\worm 1\180806_HKK22_CD1_w1l1.lsm,.lsm,12283830,2018-08-06
L:\02_Duchenne Muscular Dystrophy\Raw Data\Confocal images\older confocal not in paper\180806_CD1_mount\worm 2\180806_HKK22_CD1_w2l1.lsm,.lsm,10405074,2018-08-06
L:\02_Duchenne Muscular Dystrophy\Raw Data\Confocal images\older confocal not in paper\180806_CD1_mount\worm 2\180806_HKK22_CD1_w2l1_Max.lsm,.lsm,385050,2018-08-06
L:\02_Duchenne Muscular Dystrophy\Raw Data\Confocal images\older confocal not in paper\180806_CD1_mount\worm 2\180806_HKK22_CD1_w2l2.lsm,.lsm,9778822,2018-08-06
L:\02_Duchenne Muscular Dystrophy\Raw Data\Confocal images\older confocal not in paper\180808_CD1_mount\w1l1_530 gain.lsm,.lsm,14475410,2018-08-08
L:\02_Duchenne Muscular Dystrophy\Raw Data\Confocal images\older confocal not in paper\180808_CD1_mount\w2_540 gain.lsm,.lsm,14162280,2018-08-08
L:\02_Duchenne Muscular Dystrophy\Raw Data\Confocal images\older confocal not in paper\180808_CD1_mount\w3_550 gain.lsm,.lsm,9152264,2018-08-08
L:\02_Duchenne Muscular Dystrophy\Raw Data\Confocal images\older confocal not in paper\180808_CD1_mount\w4_550 gain.lsm,.lsm,9465390,2018-08-08
L:\02_Duchenne Muscular Dystrophy\Raw Data\Confocal images\older confocal not in paper\180808_CD1_mount\w5_510 gain.lsm,.lsm,12596651,2018-08-08
L:\02_Duchenne Muscular Dystrophy\Raw Data\Confocal images\older confocal not in paper\180811_HKK22_CD1_anti-gfp\worm 1\HKK22_CD1_anti-gfp_w1.lsm,.lsm,10404929,2018-08-11
L:\02_Duchenne Muscular Dystrophy\Raw Data\Confocal images\older confocal not in paper\180811_HKK22_CD1_anti-gfp\worm 1\HKK22_CD1_anti-gfp_w2.lsm,.lsm,13536189,2018-08-11
L:\02_Duchenne Muscular Dystrophy\Raw Data\Confocal images\older confocal not in paper\180811_HKK22_CD1_anti-gfp\worm 1\HKK22_CD1_anti-gfp_w3.lsm,.lsm,21051213,2018-08-11
L:\02_Duchenne Muscular Dystrophy\Raw Data\Confocal images\older confocal not in paper\180811_HKK22_CD1_HSP60\HKK22_CD1_HSP60.lsm,.lsm,54618251,2018-08-11
L:\02_Duchenne Muscular Dystrophy\Raw Data\Confocal images\older confocal not in paper\180811_HKK22_CD1_HSP60\HKK22_CD1_w2_HSP60.lsm,.lsm,105296128,2018-08-11
L:\02_Duchenne Muscular Dystrophy\Raw Data\Confocal images\older confocal not in paper\180811_HKK22_CD1_HSP60\HKK22_CD1_w2_HSP60_Max.lsm,.lsm,2258952,2018-08-11
L:\02_Duchenne Muscular Dystrophy\Raw Data\Confocal images\older confocal not in paper\180811_HKK22_CD1_HSP60\HKK22_CD1_w3_HSP60.lsm,.lsm,101002912,2018-08-11
L:\02_Duchenne Muscular Dystrophy\Raw Data\Confocal images\older confocal not in paper\180811_HKK22_CD1_HSP60\HKK22_CD1_w4_HSP60.lsm,.lsm,94563088,2018-08-11
L:\02_Duchenne Muscular Dystrophy\Raw Data\Confocal images\older confocal not in paper\180811_HKK5_CD1_anti-gfp\HKK5_CD1_anti-gfp.lsm,.lsm,9152417,2018-08-11
L:\02_Duchenne Muscular Dystrophy\Raw Data\Confocal images\older confocal not in paper\180811_HKK5_CD1_HSP60\HKK5_CD1_w1_HSP60.lsm,.lsm,98856304,2018-08-11
L:\02_Duchenne Muscular Dystrophy\Raw Data\Confocal images\older confocal not in paper\180811_HKK5_CD1_HSP60\HKK5_CD1_w2_HSP60.lsm,.lsm,109589342,2018-08-11
L:\02_Duchenne Muscular Dystrophy\Raw Data\Confocal images\older confocal not in paper\180811_HKK5_CD1_HSP60\HKK5_CD1_w3_HSP60.lsm,.lsm,75243615,2018-08-11
L:\02_Duchenne Muscular Dystrophy\Raw Data\Confocal images\older confocal not in paper\180811_HKK5_CD1_HSP60\HKK5_CD1_w4_HSP60.lsm,.lsm,70950398,2018-08-11
L:\02_Duchenne Muscular Dystrophy\Raw Data\Confocal images\older confocal not in paper\180826_BZ33_CB3%D5_JC-9\BZ33_CB3%D5_JC-9_w1.lsm,.lsm,94884830,2018-08-26
L:\02_Duchenne Muscular Dystrophy\Raw Data\Confocal images\PNAS draft\112318_N2_CD5_20x muscle size\N2_CD5_w1\N2_CD5_w1.lsm,.lsm,30132364,2018-11-23
L:\02_Duchenne Muscular Dystrophy\Raw Data\Confocal images\PNAS draft\112318_N2_CD5_20x muscle size\w10\w10.lsm,.lsm,39526425,2018-11-24
L:\02_Duchenne Muscular Dystrophy\Raw Data\Confocal images\PNAS draft\112318_N2_CD5_20x muscle size\w2\w2.lsm,.lsm,35768471,2018-11-24
L:\02_Duchenne Muscular Dystrophy\Raw Data\Confocal images\PNAS draft\112318_N2_CD5_20x muscle size\w2\100x tail\w2_100x_tail.lsm,.lsm,75849784,2018-11-24
L:\02_Duchenne Muscular Dystrophy\Raw Data\Confocal images\PNAS draft\112318_N2_CD5_20x muscle size\w3\w3.lsm,.lsm,50798953,2018-11-24
L:\02_Duchenne Muscular Dystrophy\Raw Data\Confocal images\PNAS draft\112318_N2_CD5_20x muscle size\w4\w4.lsm,.lsm,100899258,2018-11-24
L:\02_Duchenne Muscular Dystrophy\Raw Data\Confocal images\PNAS draft\112318_N2_CD5_20x muscle size\w5\w5.lsm,.lsm,50485971,2018-11-24
L:\02_Duchenne Muscular Dystrophy\Raw Data\Confocal images\PNAS draft\112318_N2_CD5_20x muscle size\w6\w6.lsm,.lsm,39526412,2018-11-24
L:\02_Duchenne Muscular Dystrophy\Raw Data\Confocal images\PNAS draft\112318_N2_CD5_20x muscle size\w7\w7.lsm,.lsm,27627341,2018-11-24
L:\02_Duchenne Muscular Dystrophy\Raw Data\Confocal images\PNAS draft\112318_N2_CD5_20x muscle size\w8\w8.lsm,.lsm,60193012,2018-11-24
L:\02_Duchenne Muscular Dystrophy\Raw Data\Confocal images\PNAS draft\112318_N2_CD5_20x muscle size\w9\w9.lsm,.lsm,50485964,2018-11-24
L:\02_Duchenne Muscular Dystrophy\Raw Data\Confocal images\PNAS draft\112418_BZ33_CD5_20x muscle size\20x zoom in_scale.lsm,.lsm,2264833,2018-11-25
L:\02_Duchenne Muscular Dystrophy\Raw Data\Confocal images\PNAS draft\112418_BZ33_CD5_20x muscle size\BZ33_CD5.lsm,.lsm,158516610,2018-11-24
L:\02_Duchenne Muscular Dystrophy\Raw Data\Confocal images\PNAS draft\112418_BZ33_CD5_20x muscle size\BZ33_CD5_1.lsm,.lsm,79294143,2018-11-25
L:\02_Duchenne Muscular Dystrophy\Raw Data\Confocal images\PNAS draft\112418_BZ33_CD5_20x muscle size\BZ33_CD5_2.lsm,.lsm,50485983,2018-11-25
L:\02_Duchenne Muscular Dystrophy\Raw Data\Confocal images\PNAS draft\112418_BZ33_CD5_20x muscle size\BZ33_CD5_max.lsm,.lsm,6963634,2018-11-24
L:\02_Duchenne Muscular Dystrophy\Raw Data\Confocal images\PNAS draft\112418_BZ33_CD5_20x muscle size\w1\w1.lsm,.lsm,39526424,2018-11-24
L:\02_Duchenne Muscular Dystrophy\Raw Data\Confocal images\PNAS draft\112518_BZ33_IBD5_20x\BZ33_IBD5.lsm,.lsm,236172438,2018-11-25
L:\02_Duchenne Muscular Dystrophy\Raw Data\Confocal images\PNAS draft\112518_BZ33_IBD5_20x\BZ33_IBD5_1.lsm,.lsm,9152493,2018-11-25
L:\02_Duchenne Muscular Dystrophy\Raw Data\Confocal images\PNAS draft\112518_N2_IBD5_20x\N2_IBD5.lsm,.lsm,351403956,2018-11-25
L:\02_Duchenne Muscular Dystrophy\Raw Data\Confocal images\PNAS draft\112518_N2_IBD5_20x\N2_IBD5_1.lsm,.lsm,41404899,2018-11-25
L:\02_Duchenne Muscular Dystrophy\Raw Data\Confocal images\PNAS draft\112518_N2_IBD5_20x\N2_IBD5_1_Max.lsm,.lsm,1324779,2018-11-25
L:\02_Duchenne Muscular Dystrophy\Raw Data\Confocal images\PNAS draft\112518_N2_IBD5_20x\N2_IBD5_2.lsm,.lsm,6334354,2018-11-25
L:\02_Duchenne Muscular Dystrophy\Raw Data\Confocal images\PNAS draft\112618_BZ33_CB3%D5_20x\BZ33_CB3%D5.lsm,.lsm,120315532,2018-11-26
L:\02_Duchenne Muscular Dystrophy\Raw Data\Confocal images\PNAS draft\112618_BZ33_CB3%D5_20x\BZ33_CB3%D5_1.lsm,.lsm,30132655,2018-11-26
L:\02_Duchenne Muscular Dystrophy\Raw Data\Confocal images\PNAS draft\112618_BZ33_CB3%D5_20x\BZ33_CB3%D5_2.lsm,.lsm,50173292,2018-11-26
L:\02_Duchenne Muscular Dystrophy\Raw Data\Confocal images\PNAS draft\112618_BZ33_CB3%D5_20x\BZ33_CB3%D5_3.lsm,.lsm,10092018,2018-11-26
L:\02_Duchenne Muscular Dystrophy\Raw Data\Confocal images\PNAS draft\112618_N2_CB3%D5_20x\N2_CB3%D5.lsm,.lsm,217097716,2018-11-26
L:\02_Duchenne Muscular Dystrophy\Raw Data\Confocal images\PNAS draft\112618_N2_CB3%D5_20x\N2_CB3%D5_1.lsm,.lsm,105284341,2018-11-26
L:\02_Duchenne Muscular Dystrophy\Raw Data\Confocal images\PNAS draft\112718_BZ33_CB3%D5_100x\full worm\BZ33_CB3%D5_1.lsm,.lsm,7586763,2018-11-28
L:\02_Duchenne Muscular Dystrophy\Raw Data\Confocal images\PNAS draft\112718_BZ33_CB3%D5_100x\full worm\BZ33_CB3%D5_10.lsm,.lsm,6647387,2018-11-28
L:\02_Duchenne Muscular Dystrophy\Raw Data\Confocal images\PNAS draft\112718_BZ33_CB3%D5_100x\full worm\BZ33_CB3%D5_11.lsm,.lsm,7273639,2018-11-28
L:\02_Duchenne Muscular Dystrophy\Raw Data\Confocal images\PNAS draft\112718_BZ33_CB3%D5_100x\full worm\BZ33_CB3%D5_12.lsm,.lsm,5708009,2018-11-28
L:\02_Duchenne Muscular Dystrophy\Raw Data\Confocal images\PNAS draft\112718_BZ33_CB3%D5_100x\full worm\BZ33_CB3%D5_13.lsm,.lsm,5394883,2018-11-28
L:\02_Duchenne Muscular Dystrophy\Raw Data\Confocal images\PNAS draft\112718_BZ33_CB3%D5_100x\full worm\BZ33_CB3%D5_14.lsm,.lsm,5394883,2018-11-28
L:\02_Duchenne Muscular Dystrophy\Raw Data\Confocal images\PNAS draft\112718_BZ33_CB3%D5_100x\full worm\BZ33_CB3%D5_2.lsm,.lsm,7586763,2018-11-28
L:\02_Duchenne Muscular Dystrophy\Raw Data\Confocal images\PNAS draft\112718_BZ33_CB3%D5_100x\full worm\BZ33_CB3%D5_2_Max.lsm,.lsm,384873,2018-11-28
L:\02_Duchenne Muscular Dystrophy\Raw Data\Confocal images\PNAS draft\112718_BZ33_CB3%D5_100x\full worm\BZ33_CB3%D5_3.lsm,.lsm,6334259,2018-11-28
L:\02_Duchenne Muscular Dystrophy\Raw Data\Confocal images\PNAS draft\112718_BZ33_CB3%D5_100x\full worm\BZ33_CB3%D5_4.lsm,.lsm,7273637,2018-11-28
L:\02_Duchenne Muscular Dystrophy\Raw Data\Confocal images\PNAS draft\112718_BZ33_CB3%D5_100x\full worm\BZ33_CB3%D5_5.lsm,.lsm,5394881,2018-11-28
L:\02_Duchenne Muscular Dystrophy\Raw Data\Confocal images\PNAS draft\112718_BZ33_CB3%D5_100x\full worm\BZ33_CB3%D5_6.lsm,.lsm,7273637,2018-11-28
L:\02_Duchenne Muscular Dystrophy\Raw Data\Confocal images\PNAS draft\112718_BZ33_CB3%D5_100x\full worm\BZ33_CB3%D5_7.lsm,.lsm,6021133,2018-11-28
L:\02_Duchenne Muscular Dystrophy\Raw Data\Confocal images\PNAS draft\112718_BZ33_CB3%D5_100x\full worm\BZ33_CB3%D5_8.lsm,.lsm,7586763,2018-11-28
L:\02_Duchenne Muscular Dystrophy\Raw Data\Confocal images\PNAS draft\112718_BZ33_CB3%D5_100x\full worm\BZ33_CB3%D5_9.lsm,.lsm,5081755,2018-11-28
L:\02_Duchenne Muscular Dystrophy\Raw Data\Confocal images\PNAS draft\112718_BZ33_CD5_100x\full worm\BZ33_CD5\BZ33_CD5_1.lsm,.lsm,6960505,2018-11-28
L:\02_Duchenne Muscular Dystrophy\Raw Data\Confocal images\PNAS draft\112718_BZ33_CD5_100x\full worm\BZ33_CD5\BZ33_CD5_10.lsm,.lsm,7899885,2018-11-28
L:\02_Duchenne Muscular Dystrophy\Raw Data\Confocal images\PNAS draft\112718_BZ33_CD5_100x\full worm\BZ33_CD5\BZ33_CD5_11.lsm,.lsm,6960507,2018-11-28
L:\02_Duchenne Muscular Dystrophy\Raw Data\Confocal images\PNAS draft\112718_BZ33_CD5_100x\full worm\BZ33_CD5\BZ33_CD5_12.lsm,.lsm,8839263,2018-11-28
L:\02_Duchenne Muscular Dystrophy\Raw Data\Confocal images\PNAS draft\112718_BZ33_CD5_100x\full worm\BZ33_CD5\BZ33_CD5_13.lsm,.lsm,6647381,2018-11-28
L:\02_Duchenne Muscular Dystrophy\Raw Data\Confocal images\PNAS draft\112718_BZ33_CD5_100x\full worm\BZ33_CD5\BZ33_CD5_14.lsm,.lsm,8213011,2018-11-28
L:\02_Duchenne Muscular Dystrophy\Raw Data\Confocal images\PNAS draft\112718_BZ33_CD5_100x\full worm\BZ33_CD5\BZ33_CD5_15.lsm,.lsm,8526137,2018-11-28
L:\02_Duchenne Muscular Dystrophy\Raw Data\Confocal images\PNAS draft\112718_BZ33_CD5_100x\full worm\BZ33_CD5\BZ33_CD5_16.lsm,.lsm,6647381,2018-11-28
L:\02_Duchenne Muscular Dystrophy\Raw Data\Confocal images\PNAS draft\112718_BZ33_CD5_100x\full worm\BZ33_CD5\BZ33_CD5_17.lsm,.lsm,7899885,2018-11-28
L:\02_Duchenne Muscular Dystrophy\Raw Data\Confocal images\PNAS draft\112718_BZ33_CD5_100x\full worm\BZ33_CD5\BZ33_CD5_18.lsm,.lsm,7899885,2018-11-28
L:\02_Duchenne Muscular Dystrophy\Raw Data\Confocal images\PNAS draft\112718_BZ33_CD5_100x\full worm\BZ33_CD5\BZ33_CD5_19.lsm,.lsm,8839263,2018-11-28
L:\02_Duchenne Muscular Dystrophy\Raw Data\Confocal images\PNAS draft\112718_BZ33_CD5_100x\full worm\BZ33_CD5\BZ33_CD5_2.lsm,.lsm,8526135,2018-11-28
L:\02_Duchenne Muscular Dystrophy\Raw Data\Confocal images\PNAS draft\112718_BZ33_CD5_100x\full worm\BZ33_CD5\BZ33_CD5_20.lsm,.lsm,8213011,2018-11-28
L:\02_Duchenne Muscular Dystrophy\Raw Data\Confocal images\PNAS draft\112718_BZ33_CD5_100x\full worm\BZ33_CD5\BZ33_CD5_21.lsm,.lsm,7586759,2018-11-28
L:\02_Duchenne Muscular Dystrophy\Raw Data\Confocal images\PNAS draft\112718_BZ33_CD5_100x\full worm\BZ33_CD5\BZ33_CD5_3.lsm,.lsm,7273631,2018-11-28
L:\02_Duchenne Muscular Dystrophy\Raw Data\Confocal images\PNAS draft\112718_BZ33_CD5_100x\full worm\BZ33_CD5\BZ33_CD5_4.lsm,.lsm,8526135,2018-11-28
L:\02_Duchenne Muscular Dystrophy\Raw Data\Confocal images\PNAS draft\112718_BZ33_CD5_100x\full worm\BZ33_CD5\BZ33_CD5_5.lsm,.lsm,8526135,2018-11-28
L:\02_Duchenne Muscular Dystrophy\Raw Data\Confocal images\PNAS draft\112718_BZ33_CD5_100x\full worm\BZ33_CD5\BZ33_CD5_6.lsm,.lsm,8526135,2018-11-28
L:\02_Duchenne Muscular Dystrophy\Raw Data\Confocal images\PNAS draft\112718_BZ33_CD5_100x\full worm\BZ33_CD5\BZ33_CD5_7.lsm,.lsm,8526135,2018-11-28
L:\02_Duchenne Muscular Dystrophy\Raw Data\Confocal images\PNAS draft\112718_BZ33_CD5_100x\full worm\BZ33_CD5\BZ33_CD5_8.lsm,.lsm,7586757,2018-11-28
L:\02_Duchenne Muscular Dystrophy\Raw Data\Confocal images\PNAS draft\112718_BZ33_CD5_100x\full worm\BZ33_CD5\BZ33_CD5_9.lsm,.lsm,7273631,2018-11-28
L:\02_Duchenne Muscular Dystrophy\Raw Data\Confocal images\PNAS draft\112718_BZ33_CD5_100x\full worm\BZ33_CD5_BAD (muscles not flat)\BZ33_CD5_1.lsm,.lsm,6960507,2018-11-27
L:\02_Duchenne Muscular Dystrophy\Raw Data\Confocal images\PNAS draft\112718_BZ33_CD5_100x\full worm\BZ33_CD5_BAD (muscles not flat)\BZ33_CD5_10.lsm,.lsm,7899887,2018-11-27
L:\02_Duchenne Muscular Dystrophy\Raw Data\Confocal images\PNAS draft\112718_BZ33_CD5_100x\full worm\BZ33_CD5_BAD (muscles not flat)\BZ33_CD5_11.lsm,.lsm,9152391,2018-11-27
L:\02_Duchenne Muscular Dystrophy\Raw Data\Confocal images\PNAS draft\112718_BZ33_CD5_100x\full worm\BZ33_CD5_BAD (muscles not flat)\BZ33_CD5_2.lsm,.lsm,8213011,2018-11-27
L:\02_Duchenne Muscular Dystrophy\Raw Data\Confocal images\PNAS draft\112718_BZ33_CD5_100x\full worm\BZ33_CD5_BAD (muscles not flat)\BZ33_CD5_3.lsm,.lsm,8213011,2018-11-27
L:\02_Duchenne Muscular Dystrophy\Raw Data\Confocal images\PNAS draft\112718_BZ33_CD5_100x\full worm\BZ33_CD5_BAD (muscles not flat)\BZ33_CD5_4.lsm,.lsm,7899885,2018-11-27
L:\02_Duchenne Muscular Dystrophy\Raw Data\Confocal images\PNAS draft\112718_BZ33_CD5_100x\full worm\BZ33_CD5_BAD (muscles not flat)\BZ33_CD5_5.lsm,.lsm,7586759,2018-11-27
L:\02_Duchenne Muscular Dystrophy\Raw Data\Confocal images\PNAS draft\112718_BZ33_CD5_100x\full worm\BZ33_CD5_BAD (muscles not flat)\BZ33_CD5_6.lsm,.lsm,6334255,2018-11-27
L:\02_Duchenne Muscular Dystrophy\Raw Data\Confocal images\PNAS draft\112718_BZ33_CD5_100x\full worm\BZ33_CD5_BAD (muscles not flat)\BZ33_CD5_7.lsm,.lsm,9778641,2018-11-27
L:\02_Duchenne Muscular Dystrophy\Raw Data\Confocal images\PNAS draft\112718_BZ33_CD5_100x\full worm\BZ33_CD5_BAD (muscles not flat)\BZ33_CD5_8.lsm,.lsm,9778641,2018-11-27
L:\02_Duchenne Muscular Dystrophy\Raw Data\Confocal images\PNAS draft\112718_BZ33_CD5_100x\full worm\BZ33_CD5_BAD (muscles not flat)\BZ33_CD5_9.lsm,.lsm,9778641,2018-11-27
L:\02_Duchenne Muscular Dystrophy\Raw Data\Confocal images\PNAS draft\112718_N2_CB3%D5_100x\full worm\N2_CB3%D5_1.lsm,.lsm,7899885,2018-11-28
L:\02_Duchenne Muscular Dystrophy\Raw Data\Confocal images\PNAS draft\112718_N2_CB3%D5_100x\full worm\N2_CB3%D5_10.lsm,.lsm,6960509,2018-11-28
L:\02_Duchenne Muscular Dystrophy\Raw Data\Confocal images\PNAS draft\112718_N2_CB3%D5_100x\full worm\N2_CB3%D5_11.lsm,.lsm,6021131,2018-11-28
L:\02_Duchenne Muscular Dystrophy\Raw Data\Confocal images\PNAS draft\112718_N2_CB3%D5_100x\full worm\N2_CB3%D5_12.lsm,.lsm,6647383,2018-11-28
L:\02_Duchenne Muscular Dystrophy\Raw Data\Confocal images\PNAS draft\112718_N2_CB3%D5_100x\full worm\N2_CB3%D5_13.lsm,.lsm,8839265,2018-11-28
L:\02_Duchenne Muscular Dystrophy\Raw Data\Confocal images\PNAS draft\112718_N2_CB3%D5_100x\full worm\N2_CB3%D5_14.lsm,.lsm,8213013,2018-11-28
L:\02_Duchenne Muscular Dystrophy\Raw Data\Confocal images\PNAS draft\112718_N2_CB3%D5_100x\full worm\N2_CB3%D5_15.lsm,.lsm,384863,2018-11-28
L:\02_Duchenne Muscular Dystrophy\Raw Data\Confocal images\PNAS draft\112718_N2_CB3%D5_100x\full worm\N2_CB3%D5_16.lsm,.lsm,6021131,2018-11-28
L:\02_Duchenne Muscular Dystrophy\Raw Data\Confocal images\PNAS draft\112718_N2_CB3%D5_100x\full worm\N2_CB3%D5_2.lsm,.lsm,7273633,2018-11-28
L:\02_Duchenne Muscular Dystrophy\Raw Data\Confocal images\PNAS draft\112718_N2_CB3%D5_100x\full worm\N2_CB3%D5_3.lsm,.lsm,7273633,2018-11-28
L:\02_Duchenne Muscular Dystrophy\Raw Data\Confocal images\PNAS draft\112718_N2_CB3%D5_100x\full worm\N2_CB3%D5_4.lsm,.lsm,6647381,2018-11-28
L:\02_Duchenne Muscular Dystrophy\Raw Data\Confocal images\PNAS draft\112718_N2_CB3%D5_100x\full worm\N2_CB3%D5_5.lsm,.lsm,6647381,2018-11-28
L:\02_Duchenne Muscular Dystrophy\Raw Data\Confocal images\PNAS draft\112718_N2_CB3%D5_100x\full worm\N2_CB3%D5_6.lsm,.lsm,7899885,2018-11-28
L:\02_Duchenne Muscular Dystrophy\Raw Data\Confocal images\PNAS draft\112718_N2_CB3%D5_100x\full worm\N2_CB3%D5_7.lsm,.lsm,6334255,2018-11-28
L:\02_Duchenne Muscular Dystrophy\Raw Data\Confocal images\PNAS draft\112718_N2_CB3%D5_100x\full worm\N2_CB3%D5_8.lsm,.lsm,7273633,2018-11-28
L:\02_Duchenne Muscular Dystrophy\Raw Data\Confocal images\PNAS draft\112718_N2_CB3%D5_100x\full worm\N2_CB3%D5_9.lsm,.lsm,6334255,2018-11-28
L:\02_Duchenne Muscular Dystrophy\Raw Data\Confocal images\PNAS draft\112718_N2_CD5_100x\Full worm\N2_CD5_1.lsm,.lsm,7586870,2018-11-27
L:\02_Duchenne Muscular Dystrophy\Raw Data\Confocal images\PNAS draft\112718_N2_CD5_100x\Full worm\N2_CD5_10.lsm,.lsm,6334251,2018-11-27
L:\02_Duchenne Muscular Dystrophy\Raw Data\Confocal images\PNAS draft\112718_N2_CD5_100x\Full worm\N2_CD5_11.lsm,.lsm,7586755,2018-11-27
L:\02_Duchenne Muscular Dystrophy\Raw Data\Confocal images\PNAS draft\112718_N2_CD5_100x\Full worm\N2_CD5_12.lsm,.lsm,7586755,2018-11-27
L:\02_Duchenne Muscular Dystrophy\Raw Data\Confocal images\PNAS draft\112718_N2_CD5_100x\Full worm\N2_CD5_13.lsm,.lsm,6647377,2018-11-27
L:\02_Duchenne Muscular Dystrophy\Raw Data\Confocal images\PNAS draft\112718_N2_CD5_100x\Full worm\N2_CD5_14.lsm,.lsm,6334251,2018-11-27
L:\02_Duchenne Muscular Dystrophy\Raw Data\Confocal images\PNAS draft\112718_N2_CD5_100x\Full worm\N2_CD5_15.lsm,.lsm,6647377,2018-11-27
L:\02_Duchenne Muscular Dystrophy\Raw Data\Confocal images\PNAS draft\112718_N2_CD5_100x\Full worm\N2_CD5_16.lsm,.lsm,6021125,2018-11-27
L:\02_Duchenne Muscular Dystrophy\Raw Data\Confocal images\PNAS draft\112718_N2_CD5_100x\Full worm\N2_CD5_17.lsm,.lsm,6334251,2018-11-27
L:\02_Duchenne Muscular Dystrophy\Raw Data\Confocal images\PNAS draft\112718_N2_CD5_100x\Full worm\N2_CD5_18.lsm,.lsm,6334251,2018-11-27
L:\02_Duchenne Muscular Dystrophy\Raw Data\Confocal images\PNAS draft\112718_N2_CD5_100x\Full worm\N2_CD5_19.lsm,.lsm,6334251,2018-11-27
L:\02_Duchenne Muscular Dystrophy\Raw Data\Confocal images\PNAS draft\112718_N2_CD5_100x\Full worm\N2_CD5_2.lsm,.lsm,15102041,2018-11-27
L:\02_Duchenne Muscular Dystrophy\Raw Data\Confocal images\PNAS draft\112718_N2_CD5_100x\Full worm\N2_CD5_20.lsm,.lsm,6334251,2018-11-27
L:\02_Duchenne Muscular Dystrophy\Raw Data\Confocal images\PNAS draft\112718_N2_CD5_100x\Full worm\N2_CD5_21.lsm,.lsm,6647377,2018-11-27
L:\02_Duchenne Muscular Dystrophy\Raw Data\Confocal images\PNAS draft\112718_N2_CD5_100x\Full worm\N2_CD5_22.lsm,.lsm,6334251,2018-11-27
L:\02_Duchenne Muscular Dystrophy\Raw Data\Confocal images\PNAS draft\112718_N2_CD5_100x\Full worm\N2_CD5_23.lsm,.lsm,5394873,2018-11-27
L:\02_Duchenne Muscular Dystrophy\Raw Data\Confocal images\PNAS draft\112718_N2_CD5_100x\Full worm\N2_CD5_24.lsm,.lsm,6021125,2018-11-27
L:\02_Duchenne Muscular Dystrophy\Raw Data\Confocal images\PNAS draft\112718_N2_CD5_100x\Full worm\N2_CD5_25.lsm,.lsm,6021125,2018-11-27
L:\02_Duchenne Muscular Dystrophy\Raw Data\Confocal images\PNAS draft\112718_N2_CD5_100x\Full worm\N2_CD5_26.lsm,.lsm,6021125,2018-11-27
L:\02_Duchenne Muscular Dystrophy\Raw Data\Confocal images\PNAS draft\112718_N2_CD5_100x\Full worm\N2_CD5_27.lsm,.lsm,6021125,2018-11-27
L:\02_Duchenne Muscular Dystrophy\Raw Data\Confocal images\PNAS draft\112718_N2_CD5_100x\Full worm\N2_CD5_3.lsm,.lsm,6960501,2018-11-27
L:\02_Duchenne Muscular Dystrophy\Raw Data\Confocal images\PNAS draft\112718_N2_CD5_100x\Full worm\N2_CD5_4.lsm,.lsm,6960501,2018-11-27
L:\02_Duchenne Muscular Dystrophy\Raw Data\Confocal images\PNAS draft\112718_N2_CD5_100x\Full worm\N2_CD5_5.lsm,.lsm,6647375,2018-11-27
L:\02_Duchenne Muscular Dystrophy\Raw Data\Confocal images\PNAS draft\112718_N2_CD5_100x\Full worm\N2_CD5_6.lsm,.lsm,6647375,2018-11-27
L:\02_Duchenne Muscular Dystrophy\Raw Data\Confocal images\PNAS draft\112718_N2_CD5_100x\Full worm\N2_CD5_7.lsm,.lsm,6960501,2018-11-27
L:\02_Duchenne Muscular Dystrophy\Raw Data\Confocal images\PNAS draft\112718_N2_CD5_100x\Full worm\N2_CD5_8.lsm,.lsm,6960501,2018-11-27
L:\02_Duchenne Muscular Dystrophy\Raw Data\Confocal images\PNAS draft\112718_N2_CD5_100x\Full worm\N2_CD5_9.lsm,.lsm,6334249,2018-11-27
L:\02_Duchenne Muscular Dystrophy\Raw Data\Confocal images\PNAS draft\112818_BZ33_CB3%D5_ortho\BZ33_CB3%D5_1.lsm,.lsm,13849285,2018-11-29
L:\02_Duchenne Muscular Dystrophy\Raw Data\Confocal images\PNAS draft\112818_BZ33_CB3%D5_ortho\BZ33_CB3%D5_2.lsm,.lsm,16354531,2018-11-29
L:\02_Duchenne Muscular Dystrophy\Raw Data\Confocal images\PNAS draft\112818_BZ33_CB3%D5_ortho\BZ33_CB3%D5_3.lsm,.lsm,14162409,2018-11-29
L:\02_Duchenne Muscular Dystrophy\Raw Data\Confocal images\PNAS draft\112818_BZ33_CB3%D5_ortho\BZ33_CB3%D5_4.lsm,.lsm,13223031,2018-11-29
L:\02_Duchenne Muscular Dystrophy\Raw Data\Confocal images\PNAS draft\112818_BZ33_CB3%D5_ortho\BZ33_CB3%D5_5.lsm,.lsm,12910146,2018-11-29
L:\02_Duchenne Muscular Dystrophy\Raw Data\Confocal images\PNAS draft\112818_BZ33_CD5_ortho\BZ33_CD5_1.lsm,.lsm,16980538,2018-11-29
L:\02_Duchenne Muscular Dystrophy\Raw Data\Confocal images\PNAS draft\112818_BZ33_CD5_ortho\BZ33_CD5_2.lsm,.lsm,17919917,2018-11-29
L:\02_Duchenne Muscular Dystrophy\Raw Data\Confocal images\PNAS draft\112818_BZ33_CD5_ortho\BZ33_CD5_3.lsm,.lsm,21990555,2018-11-29
L:\02_Duchenne Muscular Dystrophy\Raw Data\Confocal images\PNAS draft\112818_BZ33_CD5_ortho\BZ33_CD5_4.lsm,.lsm,19485546,2018-11-29
L:\02_Duchenne Muscular Dystrophy\Raw Data\Confocal images\PNAS draft\112818_BZ33_CD5_ortho\BZ33_CD5_5.lsm,.lsm,19485546,2018-11-29
L:\02_Duchenne Muscular Dystrophy\Raw Data\Confocal images\PNAS draft\112818_BZ33_CD5_ortho\BZ33_CD5_6.lsm,.lsm,17606790,2018-11-29
L:\02_Duchenne Muscular Dystrophy\Raw Data\Confocal images\PNAS draft\112818_BZ33_CD5_ortho\BZ33_CD5_7.lsm,.lsm,15101782,2018-11-29
L:\02_Duchenne Muscular Dystrophy\Raw Data\Confocal images\PNAS draft\112818_BZ33_CD5_ortho\BZ33_CD5_8.lsm,.lsm,13536153,2018-11-29
L:\02_Duchenne Muscular Dystrophy\Raw Data\Confocal images\PNAS draft\112818_N2_CB3%D5_ortho\N2_CB3%D5_1.lsm,.lsm,16667655,2018-11-29
L:\02_Duchenne Muscular Dystrophy\Raw Data\Confocal images\PNAS draft\112818_N2_CB3%D5_ortho\N2_CB3%D5_2.lsm,.lsm,14162646,2018-11-29
L:\02_Duchenne Muscular Dystrophy\Raw Data\Confocal images\PNAS draft\112818_N2_CB3%D5_ortho\N2_CB3%D5_3.lsm,.lsm,11657638,2018-11-29
L:\02_Duchenne Muscular Dystrophy\Raw Data\Confocal images\PNAS draft\112818_N2_CB3%D5_ortho\N2_CB3%D5_4.lsm,.lsm,20425167,2018-11-29
L:\02_Duchenne Muscular Dystrophy\Raw Data\Confocal images\PNAS draft\112818_N2_CD5_ortho\N2_CD5_1.lsm,.lsm,15101779,2018-11-28
L:\02_Duchenne Muscular Dystrophy\Raw Data\Confocal images\PNAS draft\112818_N2_CD5_ortho\N2_CD5_10.lsm,.lsm,17919915,2018-11-28
L:\02_Duchenne Muscular Dystrophy\Raw Data\Confocal images\PNAS draft\112818_N2_CD5_ortho\N2_CD5_2.lsm,.lsm,14475526,2018-11-28
L:\02_Duchenne Muscular Dystrophy\Raw Data\Confocal images\PNAS draft\112818_N2_CD5_ortho\N2_CD5_3.lsm,.lsm,14162400,2018-11-28
L:\02_Duchenne Muscular Dystrophy\Raw Data\Confocal images\PNAS draft\112818_N2_CD5_ortho\N2_CD5_4.lsm,.lsm,12596770,2018-11-28
L:\02_Duchenne Muscular Dystrophy\Raw Data\Confocal images\PNAS draft\112818_N2_CD5_ortho\N2_CD5_5.lsm,.lsm,16354282,2018-11-28
L:\02_Duchenne Muscular Dystrophy\Raw Data\Confocal images\PNAS draft\112818_N2_CD5_ortho\N2_CD5_6.lsm,.lsm,16041156,2018-11-28
L:\02_Duchenne Muscular Dystrophy\Raw Data\Confocal images\PNAS draft\112818_N2_CD5_ortho\N2_CD5_7.lsm,.lsm,15728030,2018-11-28
L:\02_Duchenne Muscular Dystrophy\Raw Data\Confocal images\PNAS draft\112818_N2_CD5_ortho\N2_CD5_8.lsm,.lsm,16354283,2018-11-28
L:\02_Duchenne Muscular Dystrophy\Raw Data\Confocal images\PNAS draft\112818_N2_CD5_ortho\N2_CD5_9.lsm,.lsm,20111794,2018-11-28
L:\02_Duchenne Muscular Dystrophy\Raw Data\Confocal images\PNAS draft\112818_N2_IB3%D5_100x\full worm\N2_IB3%D5_1.lsm,.lsm,7899884,2018-11-28
L:\02_Duchenne Muscular Dystrophy\Raw Data\Confocal images\PNAS draft\112818_N2_IB3%D5_100x\full worm\N2_IB3%D5_10.lsm,.lsm,6647382,2018-11-28
L:\02_Duchenne Muscular Dystrophy\Raw Data\Confocal images\PNAS draft\112818_N2_IB3%D5_100x\full worm\N2_IB3%D5_11.lsm,.lsm,6647382,2018-11-28
L:\02_Duchenne Muscular Dystrophy\Raw Data\Confocal images\PNAS draft\112818_N2_IB3%D5_100x\full worm\N2_IB3%D5_12.lsm,.lsm,8213012,2018-11-28
L:\02_Duchenne Muscular Dystrophy\Raw Data\Confocal images\PNAS draft\112818_N2_IB3%D5_100x\full worm\N2_IB3%D5_13.lsm,.lsm,7273634,2018-11-28
L:\02_Duchenne Muscular Dystrophy\Raw Data\Confocal images\PNAS draft\112818_N2_IB3%D5_100x\full worm\N2_IB3%D5_14.lsm,.lsm,6334256,2018-11-28
L:\02_Duchenne Muscular Dystrophy\Raw Data\Confocal images\PNAS draft\112818_N2_IB3%D5_100x\full worm\N2_IB3%D5_15.lsm,.lsm,6021130,2018-11-28
L:\02_Duchenne Muscular Dystrophy\Raw Data\Confocal images\PNAS draft\112818_N2_IB3%D5_100x\full worm\N2_IB3%D5_16.lsm,.lsm,7586760,2018-11-28
L:\02_Duchenne Muscular Dystrophy\Raw Data\Confocal images\PNAS draft\112818_N2_IB3%D5_100x\full worm\N2_IB3%D5_17.lsm,.lsm,6647382,2018-11-28
L:\02_Duchenne Muscular Dystrophy\Raw Data\Confocal images\PNAS draft\112818_N2_IB3%D5_100x\full worm\N2_IB3%D5_18.lsm,.lsm,6021130,2018-11-28
L:\02_Duchenne Muscular Dystrophy\Raw Data\Confocal images\PNAS draft\112818_N2_IB3%D5_100x\full worm\N2_IB3%D5_19.lsm,.lsm,7273634,2018-11-28
L:\02_Duchenne Muscular Dystrophy\Raw Data\Confocal images\PNAS draft\112818_N2_IB3%D5_100x\full worm\N2_IB3%D5_2.lsm,.lsm,6334254,2018-11-28
L:\02_Duchenne Muscular Dystrophy\Raw Data\Confocal images\PNAS draft\112818_N2_IB3%D5_100x\full worm\N2_IB3%D5_20.lsm,.lsm,6647382,2018-11-28
L:\02_Duchenne Muscular Dystrophy\Raw Data\Confocal images\PNAS draft\112818_N2_IB3%D5_100x\full worm\N2_IB3%D5_21.lsm,.lsm,7586760,2018-11-28
L:\02_Duchenne Muscular Dystrophy\Raw Data\Confocal images\PNAS draft\112818_N2_IB3%D5_100x\full worm\N2_IB3%D5_22.lsm,.lsm,6021130,2018-11-28
L:\02_Duchenne Muscular Dystrophy\Raw Data\Confocal images\PNAS draft\112818_N2_IB3%D5_100x\full worm\N2_IB3%D5_23.lsm,.lsm,5394878,2018-11-28
L:\02_Duchenne Muscular Dystrophy\Raw Data\Confocal images\PNAS draft\112818_N2_IB3%D5_100x\full worm\N2_IB3%D5_24.lsm,.lsm,6960508,2018-11-28
L:\02_Duchenne Muscular Dystrophy\Raw Data\Confocal images\PNAS draft\112818_N2_IB3%D5_100x\full worm\N2_IB3%D5_25.lsm,.lsm,6647382,2018-11-28
L:\02_Duchenne Muscular Dystrophy\Raw Data\Confocal images\PNAS draft\112818_N2_IB3%D5_100x\full worm\N2_IB3%D5_26.lsm,.lsm,6960508,2018-11-28
L:\02_Duchenne Muscular Dystrophy\Raw Data\Confocal images\PNAS draft\112818_N2_IB3%D5_100x\full worm\N2_IB3%D5_27.lsm,.lsm,5708004,2018-11-28
L:\02_Duchenne Muscular Dystrophy\Raw Data\Confocal images\PNAS draft\112818_N2_IB3%D5_100x\full worm\N2_IB3%D5_28.lsm,.lsm,7273634,2018-11-28
L:\02_Duchenne Muscular Dystrophy\Raw Data\Confocal images\PNAS draft\112818_N2_IB3%D5_100x\full worm\N2_IB3%D5_29.lsm,.lsm,6960508,2018-11-28
L:\02_Duchenne Muscular Dystrophy\Raw Data\Confocal images\PNAS draft\112818_N2_IB3%D5_100x\full worm\N2_IB3%D5_3.lsm,.lsm,6960506,2018-11-28
L:\02_Duchenne Muscular Dystrophy\Raw Data\Confocal images\PNAS draft\112818_N2_IB3%D5_100x\full worm\N2_IB3%D5_30.lsm,.lsm,6334256,2018-11-28
L:\02_Duchenne Muscular Dystrophy\Raw Data\Confocal images\PNAS draft\112818_N2_IB3%D5_100x\full worm\N2_IB3%D5_31.lsm,.lsm,6647382,2018-11-28
L:\02_Duchenne Muscular Dystrophy\Raw Data\Confocal images\PNAS draft\112818_N2_IB3%D5_100x\full worm\N2_IB3%D5_32.lsm,.lsm,6334256,2018-11-28
L:\02_Duchenne Muscular Dystrophy\Raw Data\Confocal images\PNAS draft\112818_N2_IB3%D5_100x\full worm\N2_IB3%D5_33.lsm,.lsm,7273634,2018-11-28
L:\02_Duchenne Muscular Dystrophy\Raw Data\Confocal images\PNAS draft\112818_N2_IB3%D5_100x\full worm\N2_IB3%D5_4.lsm,.lsm,7273632,2018-11-28
L:\02_Duchenne Muscular Dystrophy\Raw Data\Confocal images\PNAS draft\112818_N2_IB3%D5_100x\full worm\N2_IB3%D5_5.lsm,.lsm,6960506,2018-11-28
L:\02_Duchenne Muscular Dystrophy\Raw Data\Confocal images\PNAS draft\112818_N2_IB3%D5_100x\full worm\N2_IB3%D5_6.lsm,.lsm,6960506,2018-11-28
L:\02_Duchenne Muscular Dystrophy\Raw Data\Confocal images\PNAS draft\112818_N2_IB3%D5_100x\full worm\N2_IB3%D5_7.lsm,.lsm,7273632,2018-11-28
L:\02_Duchenne Muscular Dystrophy\Raw Data\Confocal images\PNAS draft\112818_N2_IB3%D5_100x\full worm\N2_IB3%D5_8.lsm,.lsm,6021128,2018-11-28
L:\02_Duchenne Muscular Dystrophy\Raw Data\Confocal images\PNAS draft\112818_N2_IB3%D5_100x\full worm\N2_IB3%D5_9.lsm,.lsm,6647380,2018-11-28
L:\02_Duchenne Muscular Dystrophy\Raw Data\Confocal images\PNAS draft\112818_N2_IB3%D5_ortho\N2_IB3%D5_ortho_1.lsm,.lsm,12283661,2018-11-28
L:\02_Duchenne Muscular Dystrophy\Raw Data\Confocal images\PNAS draft\112818_N2_IB3%D5_ortho\N2_IB3%D5_ortho_2.lsm,.lsm,13536165,2018-11-28
L:\02_Duchenne Muscular Dystrophy\Raw Data\Confocal images\PNAS draft\112818_N2_IB3%D5_ortho\N2_IB3%D5_ortho_3.lsm,.lsm,15414921,2018-11-28
L:\02_Duchenne Muscular Dystrophy\Raw Data\Confocal images\PNAS draft\112818_N2_IB3%D5_ortho\N2_IB3%D5_ortho_4.lsm,.lsm,20111810,2018-11-28
L:\02_Duchenne Muscular Dystrophy\Raw Data\Confocal images\PNAS draft\112818_N2_IB3%D5_ortho\N2_IB3%D5_ortho_5.lsm,.lsm,14788669,2018-11-28
L:\02_Duchenne Muscular Dystrophy\Raw Data\Confocal images\PNAS draft\113018_BZ33_IB3%D5_ortho\BZ33_IB3%D5_w1.lsm,.lsm,15752982,2018-11-30
L:\02_Duchenne Muscular Dystrophy\Raw Data\Confocal images\PNAS draft\113018_BZ33_IB3%D5_ortho\BZ33_IB3%D5_w2_muscle4.lsm,.lsm,22303944,2018-11-30
L:\02_Duchenne Muscular Dystrophy\Raw Data\Confocal images\PNAS draft\113018_BZ33_IB3%D5_ortho\BZ33_IB3%D5_w3.lsm,.lsm,22303929,2018-11-30
L:\02_Duchenne Muscular Dystrophy\Raw Data\Confocal images\PNAS draft\113018_BZ33_IB3%D5_ortho\BZ33_IB3%D5_w4.lsm,.lsm,13536400,2018-11-30
L:\02_Duchenne Muscular Dystrophy\Raw Data\Confocal images\PNAS draft\113018_BZ33_IB3%D5_ortho\BZ33_IB3%D5_w5.lsm,.lsm,12283655,2018-11-30
L:\02_Duchenne Muscular Dystrophy\Raw Data\Confocal images\PNAS draft\12118_AVG6_CB3%D5_100x\AVG6_CB3%D5_w1.lsm,.lsm,6960515,2018-12-01
L:\02_Duchenne Muscular Dystrophy\Raw Data\Confocal images\PNAS draft\12118_AVG6_CB3%D5_100x\AVG6_CB3%D5_w2.lsm,.lsm,9152395,2018-12-01
L:\02_Duchenne Muscular Dystrophy\Raw Data\Confocal images\PNAS draft\12118_AVG6_CB3%D5_100x\AVG6_CB3%D5_w3.lsm,.lsm,6960515,2018-12-01
L:\02_Duchenne Muscular Dystrophy\Raw Data\Confocal images\PNAS draft\12118_AVG6_CB3%D5_100x\AVG6_CB3%D5_w4.lsm,.lsm,7273640,2018-12-01
L:\02_Duchenne Muscular Dystrophy\Raw Data\Confocal images\PNAS draft\12118_AVG6_CB3%D5_100x\AVG6_CB3%D5_w5.lsm,.lsm,7586767,2018-12-01
L:\02_Duchenne Muscular Dystrophy\Raw Data\Confocal images\PNAS draft\12118_AVG6_CB3%D5_100x\AVG6_CB3%D5_w6.lsm,.lsm,7273641,2018-12-01
L:\02_Duchenne Muscular Dystrophy\Raw Data\Confocal images\PNAS draft\12118_BZ33_cmd-1 RNAi_100x\BZ33_cmd-1_RNAi_1.lsm,.lsm,10091780,2018-12-01
L:\02_Duchenne Muscular Dystrophy\Raw Data\Confocal images\PNAS draft\12118_BZ33_cmd-1 RNAi_100x\BZ33_cmd-1_RNAi_2.lsm,.lsm,8526151,2018-12-01
L:\02_Duchenne Muscular Dystrophy\Raw Data\Confocal images\PNAS draft\12118_BZ33_cmd-1 RNAi_100x\BZ33_cmd-1_RNAi_3.lsm,.lsm,6960521,2018-12-01
L:\02_Duchenne Muscular Dystrophy\Raw Data\Confocal images\PNAS draft\12118_BZ33_cmd-1 RNAi_100x\BZ33_cmd-1_RNAi_4.lsm,.lsm,8526151,2018-12-01
L:\02_Duchenne Muscular Dystrophy\Raw Data\Confocal images\PNAS draft\12118_BZ33_cmd-1 RNAi_100x\BZ33_cmd-1_RNAi_5.lsm,.lsm,6960519,2018-12-01
L:\02_Duchenne Muscular Dystrophy\Raw Data\Confocal images\PNAS draft\12118_BZ33_cmd-1 RNAi_100x\BZ33_cmd-1_RNAi_6.lsm,.lsm,7586773,2018-12-01
L:\02_Duchenne Muscular Dystrophy\Raw Data\Confocal images\PNAS draft\12118_BZ33_cmd-1 RNAi_100x\BZ33_cmd-1_RNAi_7.lsm,.lsm,7899897,2018-12-01
L:\02_Duchenne Muscular Dystrophy\Raw Data\Confocal images\PNAS draft\12118_BZ33_cmd-1 RNAi_100x\BZ33_cmd-1_RNAi_8.lsm,.lsm,6334268,2018-12-01
L:\02_Duchenne Muscular Dystrophy\Raw Data\Confocal images\PNAS draft\12118_BZ33_L4440_100x\BZ33_L4440_w1.lsm,.lsm,10404898,2018-12-01
L:\02_Duchenne Muscular Dystrophy\Raw Data\Confocal images\PNAS draft\12118_BZ33_L4440_100x\BZ33_L4440_w2.lsm,.lsm,9152394,2018-12-01
L:\02_Duchenne Muscular Dystrophy\Raw Data\Confocal images\PNAS draft\12118_BZ33_L4440_100x\BZ33_L4440_w3.lsm,.lsm,6960512,2018-12-01
L:\02_Duchenne Muscular Dystrophy\Raw Data\Confocal images\PNAS draft\12118_BZ33_L4440_100x\BZ33_L4440_w4.lsm,.lsm,7586765,2018-12-01
L:\02_Duchenne Muscular Dystrophy\Raw Data\Confocal images\PNAS draft\12118_BZ33_L4440_100x\BZ33_L4440_w5.lsm,.lsm,6647386,2018-12-01
L:\02_Duchenne Muscular Dystrophy\Raw Data\Confocal images\PNAS draft\12118_BZ33_L4440_100x\BZ33_L4440_w6.lsm,.lsm,6960512,2018-12-01
L:\02_Duchenne Muscular Dystrophy\Raw Data\Confocal images\PNAS draft\All the 100X\171101_HKK22_ISD1_100x\180618_HKK22L1_red\worm 1\layer 1\w1l1.lsm,.lsm,5394865,2018-06-18
L:\02_Duchenne Muscular Dystrophy\Raw Data\Confocal images\PNAS draft\All the 100X\171101_HKK22_ISD1_100x\180618_HKK22L1_red\worm 1\layer 2\w1l2.lsm,.lsm,9152377,2018-06-18
L:\02_Duchenne Muscular Dystrophy\Raw Data\Confocal images\PNAS draft\All the 100X\171101_HKK22_ISD1_100x\180618_HKK22L1_red\worm 2\layer 1\w2l1.lsm,.lsm,7899873,2018-06-18
L:\02_Duchenne Muscular Dystrophy\Raw Data\Confocal images\PNAS draft\All the 100X\171101_HKK22_ISD1_100x\180618_HKK22L1_red\worm 2\layer 2\w2l2.lsm,.lsm,10091755,2018-06-18
L:\02_Duchenne Muscular Dystrophy\Raw Data\Confocal images\PNAS draft\All the 100X\171101_HKK22_ISD1_100x\180618_HKK22L1_red\worm 3\layer 1\w3l1.lsm,.lsm,8839249,2018-06-18
L:\02_Duchenne Muscular Dystrophy\Raw Data\Confocal images\PNAS draft\All the 100X\171101_HKK22_ISD1_100x\180618_HKK22L1_red\worm 3\layer 2\w3l2.lsm,.lsm,7899871,2018-06-18
L:\02_Duchenne Muscular Dystrophy\Raw Data\Confocal images\PNAS draft\All the 100X\171101_HKK22_ISD1_100x\180618_HKK22L1_red\worm 4\layer 1\w4l1.lsm,.lsm,7899872,2018-06-18
L:\02_Duchenne Muscular Dystrophy\Raw Data\Confocal images\PNAS draft\All the 100X\171101_HKK22_ISD1_100x\180618_HKK22L1_red\worm 4\layer 2\w4l2.lsm,.lsm,10404880,2018-06-18
L:\02_Duchenne Muscular Dystrophy\Raw Data\Confocal images\PNAS draft\All the 100X\171101_HKK22_ISD1_100x\180618_HKK22L1_red\worm 5\layer 1\w5l1.lsm,.lsm,8212999,2018-06-18
L:\02_Duchenne Muscular Dystrophy\Raw Data\Confocal images\PNAS draft\All the 100X\171101_HKK22_ISD1_100x\180618_HKK22L1_red\worm 5\layer 2\w5l2.lsm,.lsm,8839251,2018-06-18
L:\02_Duchenne Muscular Dystrophy\Raw Data\Confocal images\PNAS draft\All the 100X\171101_HKK22_ISD1_100x\180618_HKK22L1_red\worm 5\layer 2\REDO\w5l2_redo.lsm,.lsm,12596773,2018-06-18
L:\02_Duchenne Muscular Dystrophy\Raw Data\Confocal images\PNAS draft\All the 100X\171101_HKK22_ISD1_100x\180618_HKK5L1_red\worm 1\layer 1\w1l1.lsm,.lsm,8212997,2018-06-18
L:\02_Duchenne Muscular Dystrophy\Raw Data\Confocal images\PNAS draft\All the 100X\171101_HKK22_ISD1_100x\180618_HKK5L1_red\worm 1\layer 2\w1l2.lsm,.lsm,7273619,2018-06-18
L:\02_Duchenne Muscular Dystrophy\Raw Data\Confocal images\PNAS draft\All the 100X\171101_HKK22_ISD1_100x\180618_HKK5L1_red\worm 2\layer 1\w2l1.lsm,.lsm,8839251,2018-06-18
L:\02_Duchenne Muscular Dystrophy\Raw Data\Confocal images\PNAS draft\All the 100X\171101_HKK22_ISD1_100x\180618_HKK5L1_red\worm 2\layer 2\w2l2.lsm,.lsm,8839250,2018-06-18
L:\02_Duchenne Muscular Dystrophy\Raw Data\Confocal images\PNAS draft\All the 100X\171101_HKK22_ISD1_100x\180806_CD1_mount\worm 1\180806_HKK22_CD1_w1l1.lsm,.lsm,12283830,2018-08-06
L:\02_Duchenne Muscular Dystrophy\Raw Data\Confocal images\PNAS draft\All the 100X\171101_HKK22_ISD1_100x\180806_CD1_mount\worm 2\180806_HKK22_CD1_w2l1.lsm,.lsm,10405074,2018-08-06
L:\02_Duchenne Muscular Dystrophy\Raw Data\Confocal images\PNAS draft\All the 100X\171101_HKK22_ISD1_100x\180806_CD1_mount\worm 2\180806_HKK22_CD1_w2l1_Max.lsm,.lsm,385050,2018-08-06
L:\02_Duchenne Muscular Dystrophy\Raw Data\Confocal images\PNAS draft\All the 100X\171101_HKK22_ISD1_100x\180806_CD1_mount\worm 2\180806_HKK22_CD1_w2l2.lsm,.lsm,9778822,2018-08-06
L:\02_Duchenne Muscular Dystrophy\Raw Data\Confocal images\PNAS draft\All the 100X\171110_HKK5_ISD5_100x\w1\l1\w1l1_Max.lsm,.lsm,686059,2017-11-10
L:\02_Duchenne Muscular Dystrophy\Raw Data\Confocal images\PNAS draft\All the 100X\180111_HKK5_CSD3_100x\worm 2\w2l2\w2l2_Max.lsm,.lsm,686060,2018-01-11
L:\02_Duchenne Muscular Dystrophy\Raw Data\Confocal images\PNAS draft\All the 100X\180821_HKK22_CB3%D5alive_100x\worm 1\HKK22_CB3%D5_alive_w1.lsm,.lsm,72642994,2018-08-21
L:\02_Duchenne Muscular Dystrophy\Raw Data\Confocal images\PNAS draft\All the 100X\180821_HKK22_CB3%D5alive_100x\worm 2\HKK22_CB3%D5_alive_w2.lsm,.lsm,140815738,2018-08-21
L:\02_Duchenne Muscular Dystrophy\Raw Data\Confocal images\PNAS draft\All the 100X\180821_HKK22_CB3%D5alive_100x\worm 2\HKK22_CB3%D5_alive_w2top.lsm,.lsm,70443742,2018-08-21
L:\02_Duchenne Muscular Dystrophy\Raw Data\Confocal images\PNAS draft\All the 100X\180821_HKK22_CB3%D5alive_100x\worm 3\HKK22_CB3%D5_alive_w3.lsm,.lsm,145214255,2018-08-21
L:\02_Duchenne Muscular Dystrophy\Raw Data\Confocal images\PNAS draft\All the 100X\180821_HKK22_CB3%D5alive_100x\worm 3\HKK22_CB3%D5_alive_w3_.lsm,.lsm,24262157,2018-08-21
L:\02_Duchenne Muscular Dystrophy\Raw Data\Confocal images\PNAS draft\All the 100X\180821_HKK22_CB3%D5alive_100x\worm 4\HKK22_CB3%D5_alive_w4.lsm,.lsm,123222807,2018-08-21
L:\02_Duchenne Muscular Dystrophy\Raw Data\Confocal images\PNAS draft\All the 100X\180821_HKK22_CB3%D5alive_100x\worm 4\HKK22_CB3%D5_alive_w41.lsm,.lsm,343135721,2018-08-21
L:\02_Duchenne Muscular Dystrophy\Raw Data\Confocal images\PNAS draft\All the 100X\180821_HKK22_CB3%D5alive_100x\worm 5\HKK22_CB3%D5_alive_w5.lsm,.lsm,445394920,2018-08-21
L:\02_Duchenne Muscular Dystrophy\Raw Data\Confocal images\PNAS draft\All the 100X\180821_HKK5_CB3%D5alive_100x\HKK5_CB3%D5_alive_w1.lsm,.lsm,673003699,2018-08-21
L:\02_Duchenne Muscular Dystrophy\Raw Data\Confocal images\PNAS draft\All the 100X\180822_HKK5_CB3%D5alive_100x\worm 1\HKK5_CB3%D5.lsm,.lsm,270563828,2018-08-22
L:\02_Duchenne Muscular Dystrophy\Raw Data\Confocal images\PNAS draft\All the 100X\180822_HKK5_CB3%D5alive_100x\worm 1\2\HKK5_CB3%D5_w1.lsm,.lsm,180399796,2018-08-22
L:\02_Duchenne Muscular Dystrophy\Raw Data\Confocal images\PNAS draft\All the 100X\180822_HKK5_CB3%D5alive_100x\worm 1\3\HKK5_CB3%D5_w1.lsm,.lsm,45153740,2018-08-22
L:\02_Duchenne Muscular Dystrophy\Raw Data\Confocal images\PNAS draft\All the 100X\180822_HKK5_CB3%D5alive_100x\worm 1\4\HKK5_CB3%D5_w1_4.lsm,.lsm,360727876,2018-08-22
L:\02_Duchenne Muscular Dystrophy\Raw Data\Confocal images\PNAS draft\Burrowing muscle size\101518_N2_IBD5\w1\N2_IBD5_w1_1.lsm,.lsm,28660247,2018-10-15
L:\02_Duchenne Muscular Dystrophy\Raw Data\Confocal images\PNAS draft\Burrowing muscle size\101518_N2_IBD5\w1\N2_IBD5_w1_10.lsm,.lsm,22062901,2018-10-15
L:\02_Duchenne Muscular Dystrophy\Raw Data\Confocal images\PNAS draft\Burrowing muscle size\101518_N2_IBD5\w1\N2_IBD5_w1_11.lsm,.lsm,22062901,2018-10-15
L:\02_Duchenne Muscular Dystrophy\Raw Data\Confocal images\PNAS draft\Burrowing muscle size\101518_N2_IBD5\w1\N2_IBD5_w1_12.lsm,.lsm,22062901,2018-10-15
L:\02_Duchenne Muscular Dystrophy\Raw Data\Confocal images\PNAS draft\Burrowing muscle size\101518_N2_IBD5\w1\N2_IBD5_w1_13.lsm,.lsm,22062901,2018-10-15
L:\02_Duchenne Muscular Dystrophy\Raw Data\Confocal images\PNAS draft\Burrowing muscle size\101518_N2_IBD5\w1\N2_IBD5_w1_14.lsm,.lsm,22062901,2018-10-15
L:\02_Duchenne Muscular Dystrophy\Raw Data\Confocal images\PNAS draft\Burrowing muscle size\101518_N2_IBD5\w1\N2_IBD5_w1_15.lsm,.lsm,22062901,2018-10-15
L:\02_Duchenne Muscular Dystrophy\Raw Data\Confocal images\PNAS draft\Burrowing muscle size\101518_N2_IBD5\w1\N2_IBD5_w1_16.lsm,.lsm,22062901,2018-10-15
L:\02_Duchenne Muscular Dystrophy\Raw Data\Confocal images\PNAS draft\Burrowing muscle size\101518_N2_IBD5\w1\N2_IBD5_w1_17.lsm,.lsm,25361575,2018-10-15
L:\02_Duchenne Muscular Dystrophy\Raw Data\Confocal images\PNAS draft\Burrowing muscle size\101518_N2_IBD5\w1\N2_IBD5_w1_18.lsm,.lsm,25361575,2018-10-15
L:\02_Duchenne Muscular Dystrophy\Raw Data\Confocal images\PNAS draft\Burrowing muscle size\101518_N2_IBD5\w1\N2_IBD5_w1_19.lsm,.lsm,25361575,2018-10-15
L:\02_Duchenne Muscular Dystrophy\Raw Data\Confocal images\PNAS draft\Burrowing muscle size\101518_N2_IBD5\w1\N2_IBD5_w1_2.lsm,.lsm,28660247,2018-10-15
L:\02_Duchenne Muscular Dystrophy\Raw Data\Confocal images\PNAS draft\Burrowing muscle size\101518_N2_IBD5\w1\N2_IBD5_w1_20.lsm,.lsm,25361575,2018-10-15
L:\02_Duchenne Muscular Dystrophy\Raw Data\Confocal images\PNAS draft\Burrowing muscle size\101518_N2_IBD5\w1\N2_IBD5_w1_21.lsm,.lsm,25361575,2018-10-15
L:\02_Duchenne Muscular Dystrophy\Raw Data\Confocal images\PNAS draft\Burrowing muscle size\101518_N2_IBD5\w1\N2_IBD5_w1_22.lsm,.lsm,25361575,2018-10-15
L:\02_Duchenne Muscular Dystrophy\Raw Data\Confocal images\PNAS draft\Burrowing muscle size\101518_N2_IBD5\w1\N2_IBD5_w1_23.lsm,.lsm,25361575,2018-10-15
L:\02_Duchenne Muscular Dystrophy\Raw Data\Confocal images\PNAS draft\Burrowing muscle size\101518_N2_IBD5\w1\N2_IBD5_w1_24.lsm,.lsm,24262017,2018-10-15
L:\02_Duchenne Muscular Dystrophy\Raw Data\Confocal images\PNAS draft\Burrowing muscle size\101518_N2_IBD5\w1\N2_IBD5_w1_25.lsm,.lsm,24262017,2018-10-15
L:\02_Duchenne Muscular Dystrophy\Raw Data\Confocal images\PNAS draft\Burrowing muscle size\101518_N2_IBD5\w1\N2_IBD5_w1_26.lsm,.lsm,33058481,2018-10-15
L:\02_Duchenne Muscular Dystrophy\Raw Data\Confocal images\PNAS draft\Burrowing muscle size\101518_N2_IBD5\w1\N2_IBD5_w1_26_Max.lsm,.lsm,1171307,2018-10-15
L:\02_Duchenne Muscular Dystrophy\Raw Data\Confocal images\PNAS draft\Burrowing muscle size\101518_N2_IBD5\w1\N2_IBD5_w1_27.lsm,.lsm,33058481,2018-10-15
L:\02_Duchenne Muscular Dystrophy\Raw Data\Confocal images\PNAS draft\Burrowing muscle size\101518_N2_IBD5\w1\N2_IBD5_w1_28.lsm,.lsm,25361575,2018-10-15
L:\02_Duchenne Muscular Dystrophy\Raw Data\Confocal images\PNAS draft\Burrowing muscle size\101518_N2_IBD5\w1\N2_IBD5_w1_29.lsm,.lsm,25361575,2018-10-15
L:\02_Duchenne Muscular Dystrophy\Raw Data\Confocal images\PNAS draft\Burrowing muscle size\101518_N2_IBD5\w1\N2_IBD5_w1_3.lsm,.lsm,22062899,2018-10-15
L:\02_Duchenne Muscular Dystrophy\Raw Data\Confocal images\PNAS draft\Burrowing muscle size\101518_N2_IBD5\w1\N2_IBD5_w1_30.lsm,.lsm,25361575,2018-10-15
L:\02_Duchenne Muscular Dystrophy\Raw Data\Confocal images\PNAS draft\Burrowing muscle size\101518_N2_IBD5\w1\N2_IBD5_w1_31.lsm,.lsm,25361575,2018-10-15
L:\02_Duchenne Muscular Dystrophy\Raw Data\Confocal images\PNAS draft\Burrowing muscle size\101518_N2_IBD5\w1\N2_IBD5_w1_32.lsm,.lsm,25361575,2018-10-15
L:\02_Duchenne Muscular Dystrophy\Raw Data\Confocal images\PNAS draft\Burrowing muscle size\101518_N2_IBD5\w1\N2_IBD5_w1_33.lsm,.lsm,27560691,2018-10-15
L:\02_Duchenne Muscular Dystrophy\Raw Data\Confocal images\PNAS draft\Burrowing muscle size\101518_N2_IBD5\w1\N2_IBD5_w1_34.lsm,.lsm,27560691,2018-10-15
L:\02_Duchenne Muscular Dystrophy\Raw Data\Confocal images\PNAS draft\Burrowing muscle size\101518_N2_IBD5\w1\N2_IBD5_w1_35.lsm,.lsm,27560691,2018-10-15
L:\02_Duchenne Muscular Dystrophy\Raw Data\Confocal images\PNAS draft\Burrowing muscle size\101518_N2_IBD5\w1\N2_IBD5_w1_36.lsm,.lsm,27560691,2018-10-15
L:\02_Duchenne Muscular Dystrophy\Raw Data\Confocal images\PNAS draft\Burrowing muscle size\101518_N2_IBD5\w1\N2_IBD5_w1_37.lsm,.lsm,27560691,2018-10-15
L:\02_Duchenne Muscular Dystrophy\Raw Data\Confocal images\PNAS draft\Burrowing muscle size\101518_N2_IBD5\w1\N2_IBD5_w1_37_Max.lsm,.lsm,1171307,2018-10-15
L:\02_Duchenne Muscular Dystrophy\Raw Data\Confocal images\PNAS draft\Burrowing muscle size\101518_N2_IBD5\w1\N2_IBD5_w1_38.lsm,.lsm,27560691,2018-10-15
L:\02_Duchenne Muscular Dystrophy\Raw Data\Confocal images\PNAS draft\Burrowing muscle size\101518_N2_IBD5\w1\N2_IBD5_w1_39.lsm,.lsm,27560691,2018-10-15
L:\02_Duchenne Muscular Dystrophy\Raw Data\Confocal images\PNAS draft\Burrowing muscle size\101518_N2_IBD5\w1\N2_IBD5_w1_4.lsm,.lsm,22062899,2018-10-15
L:\02_Duchenne Muscular Dystrophy\Raw Data\Confocal images\PNAS draft\Burrowing muscle size\101518_N2_IBD5\w1\N2_IBD5_w1_40.lsm,.lsm,27560691,2018-10-15
L:\02_Duchenne Muscular Dystrophy\Raw Data\Confocal images\PNAS draft\Burrowing muscle size\101518_N2_IBD5\w1\N2_IBD5_w1_41.lsm,.lsm,27560691,2018-10-15
L:\02_Duchenne Muscular Dystrophy\Raw Data\Confocal images\PNAS draft\Burrowing muscle size\101518_N2_IBD5\w1\N2_IBD5_w1_42.lsm,.lsm,27560691,2018-10-15
L:\02_Duchenne Muscular Dystrophy\Raw Data\Confocal images\PNAS draft\Burrowing muscle size\101518_N2_IBD5\w1\N2_IBD5_w1_42_Max.lsm,.lsm,1171307,2018-10-15
L:\02_Duchenne Muscular Dystrophy\Raw Data\Confocal images\PNAS draft\Burrowing muscle size\101518_N2_IBD5\w1\N2_IBD5_w1_43.lsm,.lsm,27560691,2018-10-15
L:\02_Duchenne Muscular Dystrophy\Raw Data\Confocal images\PNAS draft\Burrowing muscle size\101518_N2_IBD5\w1\N2_IBD5_w1_5.lsm,.lsm,22062899,2018-10-15
L:\02_Duchenne Muscular Dystrophy\Raw Data\Confocal images\PNAS draft\Burrowing muscle size\101518_N2_IBD5\w1\N2_IBD5_w1_6.lsm,.lsm,22062899,2018-10-15
L:\02_Duchenne Muscular Dystrophy\Raw Data\Confocal images\PNAS draft\Burrowing muscle size\101518_N2_IBD5\w1\N2_IBD5_w1_7.lsm,.lsm,22062899,2018-10-15
L:\02_Duchenne Muscular Dystrophy\Raw Data\Confocal images\PNAS draft\Burrowing muscle size\101518_N2_IBD5\w1\N2_IBD5_w1_8.lsm,.lsm,22062899,2018-10-15
L:\02_Duchenne Muscular Dystrophy\Raw Data\Confocal images\PNAS draft\Burrowing muscle size\101518_N2_IBD5\w1\N2_IBD5_w1_9.lsm,.lsm,22062899,2018-10-15
L:\02_Duchenne Muscular Dystrophy\Raw Data\Confocal images\PNAS draft\Burrowing muscle size\10818_N2_IBD5\w1\N2_IBD5_w1_1.lsm,.lsm,27560688,2018-10-08
L:\02_Duchenne Muscular Dystrophy\Raw Data\Confocal images\PNAS draft\Burrowing muscle size\10818_N2_IBD5\w1\N2_IBD5_w1_10.lsm,.lsm,24262016,2018-10-08
L:\02_Duchenne Muscular Dystrophy\Raw Data\Confocal images\PNAS draft\Burrowing muscle size\10818_N2_IBD5\w1\N2_IBD5_w1_11.lsm,.lsm,24262016,2018-10-08
L:\02_Duchenne Muscular Dystrophy\Raw Data\Confocal images\PNAS draft\Burrowing muscle size\10818_N2_IBD5\w1\N2_IBD5_w1_12.lsm,.lsm,25361574,2018-10-08
L:\02_Duchenne Muscular Dystrophy\Raw Data\Confocal images\PNAS draft\Burrowing muscle size\10818_N2_IBD5\w1\N2_IBD5_w1_13.lsm,.lsm,25361574,2018-10-08
L:\02_Duchenne Muscular Dystrophy\Raw Data\Confocal images\PNAS draft\Burrowing muscle size\10818_N2_IBD5\w1\N2_IBD5_w1_14.lsm,.lsm,25361574,2018-10-08
L:\02_Duchenne Muscular Dystrophy\Raw Data\Confocal images\PNAS draft\Burrowing muscle size\10818_N2_IBD5\w1\N2_IBD5_w1_15.lsm,.lsm,25361574,2018-10-08
L:\02_Duchenne Muscular Dystrophy\Raw Data\Confocal images\PNAS draft\Burrowing muscle size\10818_N2_IBD5\w1\N2_IBD5_w1_16.lsm,.lsm,25361574,2018-10-08
L:\02_Duchenne Muscular Dystrophy\Raw Data\Confocal images\PNAS draft\Burrowing muscle size\10818_N2_IBD5\w1\N2_IBD5_w1_17.lsm,.lsm,33058480,2018-10-08
L:\02_Duchenne Muscular Dystrophy\Raw Data\Confocal images\PNAS draft\Burrowing muscle size\10818_N2_IBD5\w1\N2_IBD5_w1_18.lsm,.lsm,33058480,2018-10-08
L:\02_Duchenne Muscular Dystrophy\Raw Data\Confocal images\PNAS draft\Burrowing muscle size\10818_N2_IBD5\w1\N2_IBD5_w1_19.lsm,.lsm,23162458,2018-10-08
L:\02_Duchenne Muscular Dystrophy\Raw Data\Confocal images\PNAS draft\Burrowing muscle size\10818_N2_IBD5\w1\N2_IBD5_w1_2.lsm,.lsm,23162456,2018-10-08
L:\02_Duchenne Muscular Dystrophy\Raw Data\Confocal images\PNAS draft\Burrowing muscle size\10818_N2_IBD5\w1\N2_IBD5_w1_20.lsm,.lsm,23162459,2018-10-08
L:\02_Duchenne Muscular Dystrophy\Raw Data\Confocal images\PNAS draft\Burrowing muscle size\10818_N2_IBD5\w1\N2_IBD5_w1_21.lsm,.lsm,26461132,2018-10-08
L:\02_Duchenne Muscular Dystrophy\Raw Data\Confocal images\PNAS draft\Burrowing muscle size\10818_N2_IBD5\w1\N2_IBD5_w1_22.lsm,.lsm,26461132,2018-10-08
L:\02_Duchenne Muscular Dystrophy\Raw Data\Confocal images\PNAS draft\Burrowing muscle size\10818_N2_IBD5\w1\N2_IBD5_w1_23.lsm,.lsm,26461132,2018-10-08
L:\02_Duchenne Muscular Dystrophy\Raw Data\Confocal images\PNAS draft\Burrowing muscle size\10818_N2_IBD5\w1\N2_IBD5_w1_24.lsm,.lsm,26461132,2018-10-08
L:\02_Duchenne Muscular Dystrophy\Raw Data\Confocal images\PNAS draft\Burrowing muscle size\10818_N2_IBD5\w1\N2_IBD5_w1_25.lsm,.lsm,26461132,2018-10-08
L:\02_Duchenne Muscular Dystrophy\Raw Data\Confocal images\PNAS draft\Burrowing muscle size\10818_N2_IBD5\w1\N2_IBD5_w1_26.lsm,.lsm,26461132,2018-10-08
L:\02_Duchenne Muscular Dystrophy\Raw Data\Confocal images\PNAS draft\Burrowing muscle size\10818_N2_IBD5\w1\N2_IBD5_w1_27.lsm,.lsm,26461132,2018-10-08
L:\02_Duchenne Muscular Dystrophy\Raw Data\Confocal images\PNAS draft\Burrowing muscle size\10818_N2_IBD5\w1\N2_IBD5_w1_28.lsm,.lsm,26461132,2018-10-08
L:\02_Duchenne Muscular Dystrophy\Raw Data\Confocal images\PNAS draft\Burrowing muscle size\10818_N2_IBD5\w1\N2_IBD5_w1_29.lsm,.lsm,26461132,2018-10-08
L:\02_Duchenne Muscular Dystrophy\Raw Data\Confocal images\PNAS draft\Burrowing muscle size\10818_N2_IBD5\w1\N2_IBD5_w1_2_Max.lsm,.lsm,1171304,2018-10-08
L:\02_Duchenne Muscular Dystrophy\Raw Data\Confocal images\PNAS draft\Burrowing muscle size\10818_N2_IBD5\w1\N2_IBD5_w1_3.lsm,.lsm,23162456,2018-10-08
L:\02_Duchenne Muscular Dystrophy\Raw Data\Confocal images\PNAS draft\Burrowing muscle size\10818_N2_IBD5\w1\N2_IBD5_w1_30.lsm,.lsm,26461132,2018-10-08
L:\02_Duchenne Muscular Dystrophy\Raw Data\Confocal images\PNAS draft\Burrowing muscle size\10818_N2_IBD5\w1\N2_IBD5_w1_31.lsm,.lsm,26461132,2018-10-08
L:\02_Duchenne Muscular Dystrophy\Raw Data\Confocal images\PNAS draft\Burrowing muscle size\10818_N2_IBD5\w1\N2_IBD5_w1_32.lsm,.lsm,26461132,2018-10-08
L:\02_Duchenne Muscular Dystrophy\Raw Data\Confocal images\PNAS draft\Burrowing muscle size\10818_N2_IBD5\w1\N2_IBD5_w1_33.lsm,.lsm,26461132,2018-10-08
L:\02_Duchenne Muscular Dystrophy\Raw Data\Confocal images\PNAS draft\Burrowing muscle size\10818_N2_IBD5\w1\N2_IBD5_w1_34.lsm,.lsm,26461132,2018-10-08
L:\02_Duchenne Muscular Dystrophy\Raw Data\Confocal images\PNAS draft\Burrowing muscle size\10818_N2_IBD5\w1\N2_IBD5_w1_4.lsm,.lsm,23162457,2018-10-08
L:\02_Duchenne Muscular Dystrophy\Raw Data\Confocal images\PNAS draft\Burrowing muscle size\10818_N2_IBD5\w1\N2_IBD5_w1_5.lsm,.lsm,23162457,2018-10-08
L:\02_Duchenne Muscular Dystrophy\Raw Data\Confocal images\PNAS draft\Burrowing muscle size\10818_N2_IBD5\w1\N2_IBD5_w1_6.lsm,.lsm,23162457,2018-10-08
L:\02_Duchenne Muscular Dystrophy\Raw Data\Confocal images\PNAS draft\Burrowing muscle size\10818_N2_IBD5\w1\N2_IBD5_w1_7.lsm,.lsm,23162457,2018-10-08
L:\02_Duchenne Muscular Dystrophy\Raw Data\Confocal images\PNAS draft\Burrowing muscle size\10818_N2_IBD5\w1\N2_IBD5_w1_8.lsm,.lsm,23162457,2018-10-08
L:\02_Duchenne Muscular Dystrophy\Raw Data\Confocal images\PNAS draft\Burrowing muscle size\10818_N2_IBD5\w1\N2_IBD5_w1_9.lsm,.lsm,23162457,2018-10-08
L:\02_Duchenne Muscular Dystrophy\Raw Data\Confocal images\PNAS draft\Burrowing muscle size\11418_BZ33_IBD5\w1\BZ33_IBD5_w1.lsm,.lsm,275628434,2018-11-04
L:\02_Duchenne Muscular Dystrophy\Raw Data\Confocal images\PNAS draft\Burrowing muscle size\91018_N2_CBD5_phalloidin\w1\N2_CBD5_w1_1.lsm,.lsm,37481792,2018-09-10
L:\02_Duchenne Muscular Dystrophy\Raw Data\Confocal images\PNAS draft\Burrowing muscle size\91018_N2_CBD5_phalloidin\w1\N2_CBD5_w1_10.lsm,.lsm,37456854,2018-09-10
L:\02_Duchenne Muscular Dystrophy\Raw Data\Confocal images\PNAS draft\Burrowing muscle size\91018_N2_CBD5_phalloidin\w1\N2_CBD5_w1_11.lsm,.lsm,31959064,2018-09-10
L:\02_Duchenne Muscular Dystrophy\Raw Data\Confocal images\PNAS draft\Burrowing muscle size\91018_N2_CBD5_phalloidin\w1\N2_CBD5_w1_12.lsm,.lsm,31959064,2018-09-10
L:\02_Duchenne Muscular Dystrophy\Raw Data\Confocal images\PNAS draft\Burrowing muscle size\91018_N2_CBD5_phalloidin\w1\N2_CBD5_w1_13.lsm,.lsm,31959064,2018-09-10
L:\02_Duchenne Muscular Dystrophy\Raw Data\Confocal images\PNAS draft\Burrowing muscle size\91018_N2_CBD5_phalloidin\w1\N2_CBD5_w1_14.lsm,.lsm,31959064,2018-09-10
L:\02_Duchenne Muscular Dystrophy\Raw Data\Confocal images\PNAS draft\Burrowing muscle size\91018_N2_CBD5_phalloidin\w1\N2_CBD5_w1_15.lsm,.lsm,31959064,2018-09-10
L:\02_Duchenne Muscular Dystrophy\Raw Data\Confocal images\PNAS draft\Burrowing muscle size\91018_N2_CBD5_phalloidin\w1\N2_CBD5_w1_15_Max.lsm,.lsm,1171448,2018-09-10
L:\02_Duchenne Muscular Dystrophy\Raw Data\Confocal images\PNAS draft\Burrowing muscle size\91018_N2_CBD5_phalloidin\w1\N2_CBD5_w1_16.lsm,.lsm,31959064,2018-09-10
L:\02_Duchenne Muscular Dystrophy\Raw Data\Confocal images\PNAS draft\Burrowing muscle size\91018_N2_CBD5_phalloidin\w1\N2_CBD5_w1_17.lsm,.lsm,31959064,2018-09-10
L:\02_Duchenne Muscular Dystrophy\Raw Data\Confocal images\PNAS draft\Burrowing muscle size\91018_N2_CBD5_phalloidin\w1\N2_CBD5_w1_18.lsm,.lsm,31959064,2018-09-10
L:\02_Duchenne Muscular Dystrophy\Raw Data\Confocal images\PNAS draft\Burrowing muscle size\91018_N2_CBD5_phalloidin\w1\N2_CBD5_w1_19.lsm,.lsm,31959064,2018-09-10
L:\02_Duchenne Muscular Dystrophy\Raw Data\Confocal images\PNAS draft\Burrowing muscle size\91018_N2_CBD5_phalloidin\w1\N2_CBD5_w1_2.lsm,.lsm,37456852,2018-09-10
L:\02_Duchenne Muscular Dystrophy\Raw Data\Confocal images\PNAS draft\Burrowing muscle size\91018_N2_CBD5_phalloidin\w1\N2_CBD5_w1_20.lsm,.lsm,31959064,2018-09-10
L:\02_Duchenne Muscular Dystrophy\Raw Data\Confocal images\PNAS draft\Burrowing muscle size\91018_N2_CBD5_phalloidin\w1\N2_CBD5_w1_21.lsm,.lsm,31959064,2018-09-10
L:\02_Duchenne Muscular Dystrophy\Raw Data\Confocal images\PNAS draft\Burrowing muscle size\91018_N2_CBD5_phalloidin\w1\N2_CBD5_w1_22.lsm,.lsm,31959064,2018-09-10
L:\02_Duchenne Muscular Dystrophy\Raw Data\Confocal images\PNAS draft\Burrowing muscle size\91018_N2_CBD5_phalloidin\w1\N2_CBD5_w1_23.lsm,.lsm,31959064,2018-09-10
L:\02_Duchenne Muscular Dystrophy\Raw Data\Confocal images\PNAS draft\Burrowing muscle size\91018_N2_CBD5_phalloidin\w1\N2_CBD5_w1_24.lsm,.lsm,31959064,2018-09-10
L:\02_Duchenne Muscular Dystrophy\Raw Data\Confocal images\PNAS draft\Burrowing muscle size\91018_N2_CBD5_phalloidin\w1\N2_CBD5_w1_25.lsm,.lsm,31959064,2018-09-10
L:\02_Duchenne Muscular Dystrophy\Raw Data\Confocal images\PNAS draft\Burrowing muscle size\91018_N2_CBD5_phalloidin\w1\N2_CBD5_w1_3.lsm,.lsm,37456852,2018-09-10
L:\02_Duchenne Muscular Dystrophy\Raw Data\Confocal images\PNAS draft\Burrowing muscle size\91018_N2_CBD5_phalloidin\w1\N2_CBD5_w1_4.lsm,.lsm,37456852,2018-09-10
L:\02_Duchenne Muscular Dystrophy\Raw Data\Confocal images\PNAS draft\Burrowing muscle size\91018_N2_CBD5_phalloidin\w1\N2_CBD5_w1_5.lsm,.lsm,37456852,2018-09-10
L:\02_Duchenne Muscular Dystrophy\Raw Data\Confocal images\PNAS draft\Burrowing muscle size\91018_N2_CBD5_phalloidin\w1\N2_CBD5_w1_6.lsm,.lsm,37456852,2018-09-10
L:\02_Duchenne Muscular Dystrophy\Raw Data\Confocal images\PNAS draft\Burrowing muscle size\91018_N2_CBD5_phalloidin\w1\N2_CBD5_w1_7.lsm,.lsm,37456852,2018-09-10
L:\02_Duchenne Muscular Dystrophy\Raw Data\Confocal images\PNAS draft\Burrowing muscle size\91018_N2_CBD5_phalloidin\w1\N2_CBD5_w1_8.lsm,.lsm,37456852,2018-09-10
L:\02_Duchenne Muscular Dystrophy\Raw Data\Confocal images\PNAS draft\Burrowing muscle size\91018_N2_CBD5_phalloidin\w1\N2_CBD5_w1_9.lsm,.lsm,37456852,2018-09-10
L:\02_Duchenne Muscular Dystrophy\Raw Data\Confocal images\PNAS draft\Burrowing muscle size\91018_N2_CBD5_phalloidin\w2\N2_CBD5_w2_1.lsm,.lsm,25361574,2018-09-11
L:\02_Duchenne Muscular Dystrophy\Raw Data\Confocal images\PNAS draft\Burrowing muscle size\91018_N2_CBD5_phalloidin\w2\N2_CBD5_w2_10.lsm,.lsm,25361576,2018-09-11
L:\02_Duchenne Muscular Dystrophy\Raw Data\Confocal images\PNAS draft\Burrowing muscle size\91018_N2_CBD5_phalloidin\w2\N2_CBD5_w2_11.lsm,.lsm,25361576,2018-09-11
L:\02_Duchenne Muscular Dystrophy\Raw Data\Confocal images\PNAS draft\Burrowing muscle size\91018_N2_CBD5_phalloidin\w2\N2_CBD5_w2_12.lsm,.lsm,25361576,2018-09-11
L:\02_Duchenne Muscular Dystrophy\Raw Data\Confocal images\PNAS draft\Burrowing muscle size\91018_N2_CBD5_phalloidin\w2\N2_CBD5_w2_13.lsm,.lsm,25361576,2018-09-11
L:\02_Duchenne Muscular Dystrophy\Raw Data\Confocal images\PNAS draft\Burrowing muscle size\91018_N2_CBD5_phalloidin\w2\N2_CBD5_w2_14.lsm,.lsm,25361576,2018-09-11
L:\02_Duchenne Muscular Dystrophy\Raw Data\Confocal images\PNAS draft\Burrowing muscle size\91018_N2_CBD5_phalloidin\w2\N2_CBD5_w2_15.lsm,.lsm,25361576,2018-09-11
L:\02_Duchenne Muscular Dystrophy\Raw Data\Confocal images\PNAS draft\Burrowing muscle size\91018_N2_CBD5_phalloidin\w2\N2_CBD5_w2_16.lsm,.lsm,25361576,2018-09-11
L:\02_Duchenne Muscular Dystrophy\Raw Data\Confocal images\PNAS draft\Burrowing muscle size\91018_N2_CBD5_phalloidin\w2\N2_CBD5_w2_17.lsm,.lsm,25361576,2018-09-11
L:\02_Duchenne Muscular Dystrophy\Raw Data\Confocal images\PNAS draft\Burrowing muscle size\91018_N2_CBD5_phalloidin\w2\N2_CBD5_w2_18.lsm,.lsm,25361576,2018-09-11
L:\02_Duchenne Muscular Dystrophy\Raw Data\Confocal images\PNAS draft\Burrowing muscle size\91018_N2_CBD5_phalloidin\w2\N2_CBD5_w2_19.lsm,.lsm,25361576,2018-09-11
L:\02_Duchenne Muscular Dystrophy\Raw Data\Confocal images\PNAS draft\Burrowing muscle size\91018_N2_CBD5_phalloidin\w2\N2_CBD5_w2_2.lsm,.lsm,25361574,2018-09-11
L:\02_Duchenne Muscular Dystrophy\Raw Data\Confocal images\PNAS draft\Burrowing muscle size\91018_N2_CBD5_phalloidin\w2\N2_CBD5_w2_20.lsm,.lsm,25361576,2018-09-11
L:\02_Duchenne Muscular Dystrophy\Raw Data\Confocal images\PNAS draft\Burrowing muscle size\91018_N2_CBD5_phalloidin\w2\N2_CBD5_w2_21.lsm,.lsm,25361576,2018-09-11
L:\02_Duchenne Muscular Dystrophy\Raw Data\Confocal images\PNAS draft\Burrowing muscle size\91018_N2_CBD5_phalloidin\w2\N2_CBD5_w2_21_Max.lsm,.lsm,1171308,2018-09-11
L:\02_Duchenne Muscular Dystrophy\Raw Data\Confocal images\PNAS draft\Burrowing muscle size\91018_N2_CBD5_phalloidin\w2\N2_CBD5_w2_3.lsm,.lsm,25361574,2018-09-11
L:\02_Duchenne Muscular Dystrophy\Raw Data\Confocal images\PNAS draft\Burrowing muscle size\91018_N2_CBD5_phalloidin\w2\N2_CBD5_w2_4.lsm,.lsm,25361574,2018-09-11
L:\02_Duchenne Muscular Dystrophy\Raw Data\Confocal images\PNAS draft\Burrowing muscle size\91018_N2_CBD5_phalloidin\w2\N2_CBD5_w2_5.lsm,.lsm,25361574,2018-09-11
L:\02_Duchenne Muscular Dystrophy\Raw Data\Confocal images\PNAS draft\Burrowing muscle size\91018_N2_CBD5_phalloidin\w2\N2_CBD5_w2_6.lsm,.lsm,25361574,2018-09-11
L:\02_Duchenne Muscular Dystrophy\Raw Data\Confocal images\PNAS draft\Burrowing muscle size\91018_N2_CBD5_phalloidin\w2\N2_CBD5_w2_7.lsm,.lsm,25361574,2018-09-11
L:\02_Duchenne Muscular Dystrophy\Raw Data\Confocal images\PNAS draft\Burrowing muscle size\91018_N2_CBD5_phalloidin\w2\N2_CBD5_w2_8.lsm,.lsm,25361574,2018-09-11
L:\02_Duchenne Muscular Dystrophy\Raw Data\Confocal images\PNAS draft\Burrowing muscle size\91018_N2_CBD5_phalloidin\w2\N2_CBD5_w2_9.lsm,.lsm,25361574,2018-09-11
L:\02_Duchenne Muscular Dystrophy\Raw Data\Confocal images\PNAS draft\Burrowing muscle size\91018_N2_CBD5_phalloidin\w2\REDO\N2_CBD5_w2_REDO_1.lsm,.lsm,33058608,2018-09-11
L:\02_Duchenne Muscular Dystrophy\Raw Data\Confocal images\PNAS draft\Burrowing muscle size\91018_N2_CBD5_phalloidin\w2\REDO\N2_CBD5_w2_REDO_10.lsm,.lsm,33058492,2018-09-11
L:\02_Duchenne Muscular Dystrophy\Raw Data\Confocal images\PNAS draft\Burrowing muscle size\91018_N2_CBD5_phalloidin\w2\REDO\N2_CBD5_w2_REDO_11.lsm,.lsm,33058491,2018-09-11
L:\02_Duchenne Muscular Dystrophy\Raw Data\Confocal images\PNAS draft\Burrowing muscle size\91018_N2_CBD5_phalloidin\w2\REDO\N2_CBD5_w2_REDO_12.lsm,.lsm,33058491,2018-09-11
L:\02_Duchenne Muscular Dystrophy\Raw Data\Confocal images\PNAS draft\Burrowing muscle size\91018_N2_CBD5_phalloidin\w2\REDO\N2_CBD5_w2_REDO_12_Max.lsm,.lsm,1171317,2018-09-11
L:\02_Duchenne Muscular Dystrophy\Raw Data\Confocal images\PNAS draft\Burrowing muscle size\91018_N2_CBD5_phalloidin\w2\REDO\N2_CBD5_w2_REDO_2.lsm,.lsm,33058489,2018-09-11
L:\02_Duchenne Muscular Dystrophy\Raw Data\Confocal images\PNAS draft\Burrowing muscle size\91018_N2_CBD5_phalloidin\w2\REDO\N2_CBD5_w2_REDO_3.lsm,.lsm,33058489,2018-09-11
L:\02_Duchenne Muscular Dystrophy\Raw Data\Confocal images\PNAS draft\Burrowing muscle size\91018_N2_CBD5_phalloidin\w2\REDO\N2_CBD5_w2_REDO_4.lsm,.lsm,33058489,2018-09-11
L:\02_Duchenne Muscular Dystrophy\Raw Data\Confocal images\PNAS draft\Burrowing muscle size\91018_N2_CBD5_phalloidin\w2\REDO\N2_CBD5_w2_REDO_5.lsm,.lsm,33058490,2018-09-11
L:\02_Duchenne Muscular Dystrophy\Raw Data\Confocal images\PNAS draft\Burrowing muscle size\91018_N2_CBD5_phalloidin\w2\REDO\N2_CBD5_w2_REDO_6.lsm,.lsm,33058489,2018-09-11
L:\02_Duchenne Muscular Dystrophy\Raw Data\Confocal images\PNAS draft\Burrowing muscle size\91018_N2_CBD5_phalloidin\w2\REDO\N2_CBD5_w2_REDO_7.lsm,.lsm,33058490,2018-09-11
L:\02_Duchenne Muscular Dystrophy\Raw Data\Confocal images\PNAS draft\Burrowing muscle size\91018_N2_CBD5_phalloidin\w2\REDO\N2_CBD5_w2_REDO_8.lsm,.lsm,33058490,2018-09-11
L:\02_Duchenne Muscular Dystrophy\Raw Data\Confocal images\PNAS draft\Burrowing muscle size\91018_N2_CBD5_phalloidin\w2\REDO\N2_CBD5_w2_REDO_9.lsm,.lsm,33058490,2018-09-11
L:\02_Duchenne Muscular Dystrophy\Raw Data\Confocal images\PNAS draft\Burrowing muscle size\91018_N2_CBD5_phalloidin\w3\N2_CBD5_w3_1.lsm,.lsm,26461131,2018-09-11
L:\02_Duchenne Muscular Dystrophy\Raw Data\Confocal images\PNAS draft\Burrowing muscle size\91018_N2_CBD5_phalloidin\w3\N2_CBD5_w3_10.lsm,.lsm,26461133,2018-09-11
L:\02_Duchenne Muscular Dystrophy\Raw Data\Confocal images\PNAS draft\Burrowing muscle size\91018_N2_CBD5_phalloidin\w3\N2_CBD5_w3_11.lsm,.lsm,26461133,2018-09-11
L:\02_Duchenne Muscular Dystrophy\Raw Data\Confocal images\PNAS draft\Burrowing muscle size\91018_N2_CBD5_phalloidin\w3\N2_CBD5_w3_12.lsm,.lsm,26461133,2018-09-11
L:\02_Duchenne Muscular Dystrophy\Raw Data\Confocal images\PNAS draft\Burrowing muscle size\91018_N2_CBD5_phalloidin\w3\N2_CBD5_w3_13.lsm,.lsm,26461133,2018-09-11
L:\02_Duchenne Muscular Dystrophy\Raw Data\Confocal images\PNAS draft\Burrowing muscle size\91018_N2_CBD5_phalloidin\w3\N2_CBD5_w3_14.lsm,.lsm,26461133,2018-09-11
L:\02_Duchenne Muscular Dystrophy\Raw Data\Confocal images\PNAS draft\Burrowing muscle size\91018_N2_CBD5_phalloidin\w3\N2_CBD5_w3_15.lsm,.lsm,26461133,2018-09-11
L:\02_Duchenne Muscular Dystrophy\Raw Data\Confocal images\PNAS draft\Burrowing muscle size\91018_N2_CBD5_phalloidin\w3\N2_CBD5_w3_2.lsm,.lsm,26461132,2018-09-11
L:\02_Duchenne Muscular Dystrophy\Raw Data\Confocal images\PNAS draft\Burrowing muscle size\91018_N2_CBD5_phalloidin\w3\N2_CBD5_w3_3.lsm,.lsm,26461131,2018-09-11
L:\02_Duchenne Muscular Dystrophy\Raw Data\Confocal images\PNAS draft\Burrowing muscle size\91018_N2_CBD5_phalloidin\w3\N2_CBD5_w3_4.lsm,.lsm,26461131,2018-09-11
L:\02_Duchenne Muscular Dystrophy\Raw Data\Confocal images\PNAS draft\Burrowing muscle size\91018_N2_CBD5_phalloidin\w3\N2_CBD5_w3_5.lsm,.lsm,26461131,2018-09-11
L:\02_Duchenne Muscular Dystrophy\Raw Data\Confocal images\PNAS draft\Burrowing muscle size\91018_N2_CBD5_phalloidin\w3\N2_CBD5_w3_6.lsm,.lsm,26461131,2018-09-11
L:\02_Duchenne Muscular Dystrophy\Raw Data\Confocal images\PNAS draft\Burrowing muscle size\91018_N2_CBD5_phalloidin\w3\N2_CBD5_w3_7.lsm,.lsm,26461131,2018-09-11
L:\02_Duchenne Muscular Dystrophy\Raw Data\Confocal images\PNAS draft\Burrowing muscle size\91018_N2_CBD5_phalloidin\w3\N2_CBD5_w3_8.lsm,.lsm,26461131,2018-09-11
L:\02_Duchenne Muscular Dystrophy\Raw Data\Confocal images\PNAS draft\Burrowing muscle size\91018_N2_CBD5_phalloidin\w3\N2_CBD5_w3_9.lsm,.lsm,26461131,2018-09-11
L:\02_Duchenne Muscular Dystrophy\Raw Data\Confocal images\PNAS draft\Burrowing muscle size\91018_N2_CBD5_phalloidin\w4\N2_CBD5_w4_1.lsm,.lsm,17664667,2018-09-11
L:\02_Duchenne Muscular Dystrophy\Raw Data\Confocal images\PNAS draft\Burrowing muscle size\91018_N2_CBD5_phalloidin\w4\N2_CBD5_w4_10.lsm,.lsm,16565111,2018-09-11
L:\02_Duchenne Muscular Dystrophy\Raw Data\Confocal images\PNAS draft\Burrowing muscle size\91018_N2_CBD5_phalloidin\w4\N2_CBD5_w4_11.lsm,.lsm,16565111,2018-09-11
L:\02_Duchenne Muscular Dystrophy\Raw Data\Confocal images\PNAS draft\Burrowing muscle size\91018_N2_CBD5_phalloidin\w4\N2_CBD5_w4_12.lsm,.lsm,16565111,2018-09-11
L:\02_Duchenne Muscular Dystrophy\Raw Data\Confocal images\PNAS draft\Burrowing muscle size\91018_N2_CBD5_phalloidin\w4\N2_CBD5_w4_13.lsm,.lsm,16565111,2018-09-11
L:\02_Duchenne Muscular Dystrophy\Raw Data\Confocal images\PNAS draft\Burrowing muscle size\91018_N2_CBD5_phalloidin\w4\N2_CBD5_w4_14.lsm,.lsm,16565111,2018-09-11
L:\02_Duchenne Muscular Dystrophy\Raw Data\Confocal images\PNAS draft\Burrowing muscle size\91018_N2_CBD5_phalloidin\w4\N2_CBD5_w4_15.lsm,.lsm,16565111,2018-09-11
L:\02_Duchenne Muscular Dystrophy\Raw Data\Confocal images\PNAS draft\Burrowing muscle size\91018_N2_CBD5_phalloidin\w4\N2_CBD5_w4_16.lsm,.lsm,16565111,2018-09-11
L:\02_Duchenne Muscular Dystrophy\Raw Data\Confocal images\PNAS draft\Burrowing muscle size\91018_N2_CBD5_phalloidin\w4\N2_CBD5_w4_2.lsm,.lsm,17664668,2018-09-11
L:\02_Duchenne Muscular Dystrophy\Raw Data\Confocal images\PNAS draft\Burrowing muscle size\91018_N2_CBD5_phalloidin\w4\N2_CBD5_w4_3.lsm,.lsm,17664668,2018-09-11
L:\02_Duchenne Muscular Dystrophy\Raw Data\Confocal images\PNAS draft\Burrowing muscle size\91018_N2_CBD5_phalloidin\w4\N2_CBD5_w4_4.lsm,.lsm,17664668,2018-09-11
L:\02_Duchenne Muscular Dystrophy\Raw Data\Confocal images\PNAS draft\Burrowing muscle size\91018_N2_CBD5_phalloidin\w4\N2_CBD5_w4_5.lsm,.lsm,17664668,2018-09-11
L:\02_Duchenne Muscular Dystrophy\Raw Data\Confocal images\PNAS draft\Burrowing muscle size\91018_N2_CBD5_phalloidin\w4\N2_CBD5_w4_6.lsm,.lsm,16565109,2018-09-11
L:\02_Duchenne Muscular Dystrophy\Raw Data\Confocal images\PNAS draft\Burrowing muscle size\91018_N2_CBD5_phalloidin\w4\N2_CBD5_w4_7.lsm,.lsm,16565109,2018-09-11
L:\02_Duchenne Muscular Dystrophy\Raw Data\Confocal images\PNAS draft\Burrowing muscle size\91018_N2_CBD5_phalloidin\w4\N2_CBD5_w4_8.lsm,.lsm,16565109,2018-09-11
L:\02_Duchenne Muscular Dystrophy\Raw Data\Confocal images\PNAS draft\Burrowing muscle size\91018_N2_CBD5_phalloidin\w4\N2_CBD5_w4_9.lsm,.lsm,16565109,2018-09-11
L:\02_Duchenne Muscular Dystrophy\Raw Data\Confocal images\PNAS draft\Burrowing muscle size\91218_BZ33_CBD5_phalloidin\w1\BZ33_CBD5_w1_1.lsm,.lsm,26461131,2018-09-12
L:\02_Duchenne Muscular Dystrophy\Raw Data\Confocal images\PNAS draft\Burrowing muscle size\91218_BZ33_CBD5_phalloidin\w1\BZ33_CBD5_w1_10.lsm,.lsm,26461133,2018-09-12
L:\02_Duchenne Muscular Dystrophy\Raw Data\Confocal images\PNAS draft\Burrowing muscle size\91218_BZ33_CBD5_phalloidin\w1\BZ33_CBD5_w1_11.lsm,.lsm,26461133,2018-09-12
L:\02_Duchenne Muscular Dystrophy\Raw Data\Confocal images\PNAS draft\Burrowing muscle size\91218_BZ33_CBD5_phalloidin\w1\BZ33_CBD5_w1_12.lsm,.lsm,26461133,2018-09-12
L:\02_Duchenne Muscular Dystrophy\Raw Data\Confocal images\PNAS draft\Burrowing muscle size\91218_BZ33_CBD5_phalloidin\w1\BZ33_CBD5_w1_13.lsm,.lsm,30859365,2018-09-12
L:\02_Duchenne Muscular Dystrophy\Raw Data\Confocal images\PNAS draft\Burrowing muscle size\91218_BZ33_CBD5_phalloidin\w1\BZ33_CBD5_w1_14.lsm,.lsm,30859366,2018-09-12
L:\02_Duchenne Muscular Dystrophy\Raw Data\Confocal images\PNAS draft\Burrowing muscle size\91218_BZ33_CBD5_phalloidin\w1\BZ33_CBD5_w1_15.lsm,.lsm,30859606,2018-09-12
L:\02_Duchenne Muscular Dystrophy\Raw Data\Confocal images\PNAS draft\Burrowing muscle size\91218_BZ33_CBD5_phalloidin\w1\BZ33_CBD5_w1_16.lsm,.lsm,30859366,2018-09-12
L:\02_Duchenne Muscular Dystrophy\Raw Data\Confocal images\PNAS draft\Burrowing muscle size\91218_BZ33_CBD5_phalloidin\w1\BZ33_CBD5_w1_17.lsm,.lsm,30859366,2018-09-12
L:\02_Duchenne Muscular Dystrophy\Raw Data\Confocal images\PNAS draft\Burrowing muscle size\91218_BZ33_CBD5_phalloidin\w1\BZ33_CBD5_w1_18.lsm,.lsm,30859366,2018-09-12
L:\02_Duchenne Muscular Dystrophy\Raw Data\Confocal images\PNAS draft\Burrowing muscle size\91218_BZ33_CBD5_phalloidin\w1\BZ33_CBD5_w1_19.lsm,.lsm,30859366,2018-09-12
L:\02_Duchenne Muscular Dystrophy\Raw Data\Confocal images\PNAS draft\Burrowing muscle size\91218_BZ33_CBD5_phalloidin\w1\BZ33_CBD5_w1_2.lsm,.lsm,26461131,2018-09-12
L:\02_Duchenne Muscular Dystrophy\Raw Data\Confocal images\PNAS draft\Burrowing muscle size\91218_BZ33_CBD5_phalloidin\w1\BZ33_CBD5_w1_20.lsm,.lsm,30859366,2018-09-12
L:\02_Duchenne Muscular Dystrophy\Raw Data\Confocal images\PNAS draft\Burrowing muscle size\91218_BZ33_CBD5_phalloidin\w1\BZ33_CBD5_w1_21.lsm,.lsm,30859366,2018-09-12
L:\02_Duchenne Muscular Dystrophy\Raw Data\Confocal images\PNAS draft\Burrowing muscle size\91218_BZ33_CBD5_phalloidin\w1\BZ33_CBD5_w1_22.lsm,.lsm,30859366,2018-09-12
L:\02_Duchenne Muscular Dystrophy\Raw Data\Confocal images\PNAS draft\Burrowing muscle size\91218_BZ33_CBD5_phalloidin\w1\BZ33_CBD5_w1_22_Max.lsm,.lsm,1171308,2018-09-12
L:\02_Duchenne Muscular Dystrophy\Raw Data\Confocal images\PNAS draft\Burrowing muscle size\91218_BZ33_CBD5_phalloidin\w1\BZ33_CBD5_w1_23.lsm,.lsm,30859366,2018-09-12
L:\02_Duchenne Muscular Dystrophy\Raw Data\Confocal images\PNAS draft\Burrowing muscle size\91218_BZ33_CBD5_phalloidin\w1\BZ33_CBD5_w1_23_Max.lsm,.lsm,1171308,2018-09-12
L:\02_Duchenne Muscular Dystrophy\Raw Data\Confocal images\PNAS draft\Burrowing muscle size\91218_BZ33_CBD5_phalloidin\w1\BZ33_CBD5_w1_3.lsm,.lsm,26461131,2018-09-12
L:\02_Duchenne Muscular Dystrophy\Raw Data\Confocal images\PNAS draft\Burrowing muscle size\91218_BZ33_CBD5_phalloidin\w1\BZ33_CBD5_w1_4.lsm,.lsm,26461131,2018-09-12
L:\02_Duchenne Muscular Dystrophy\Raw Data\Confocal images\PNAS draft\Burrowing muscle size\91218_BZ33_CBD5_phalloidin\w1\BZ33_CBD5_w1_5.lsm,.lsm,26461131,2018-09-12
L:\02_Duchenne Muscular Dystrophy\Raw Data\Confocal images\PNAS draft\Burrowing muscle size\91218_BZ33_CBD5_phalloidin\w1\BZ33_CBD5_w1_6.lsm,.lsm,26461131,2018-09-12
L:\02_Duchenne Muscular Dystrophy\Raw Data\Confocal images\PNAS draft\Burrowing muscle size\91218_BZ33_CBD5_phalloidin\w1\BZ33_CBD5_w1_7.lsm,.lsm,26461131,2018-09-12
L:\02_Duchenne Muscular Dystrophy\Raw Data\Confocal images\PNAS draft\Burrowing muscle size\91218_BZ33_CBD5_phalloidin\w1\BZ33_CBD5_w1_8.lsm,.lsm,26461131,2018-09-12
L:\02_Duchenne Muscular Dystrophy\Raw Data\Confocal images\PNAS draft\Burrowing muscle size\91218_BZ33_CBD5_phalloidin\w1\BZ33_CBD5_w1_9.lsm,.lsm,26461131,2018-09-12
L:\02_Duchenne Muscular Dystrophy\Raw Data\Confocal images\PNAS draft\Burrowing muscle size\91218_BZ33_CBD5_phalloidin\w2\BZ33_CBD5_w2_1.lsm,.lsm,35257599,2018-09-12
L:\02_Duchenne Muscular Dystrophy\Raw Data\Confocal images\PNAS draft\Burrowing muscle size\91218_BZ33_CBD5_phalloidin\w2\BZ33_CBD5_w2_10.lsm,.lsm,35257601,2018-09-12
L:\02_Duchenne Muscular Dystrophy\Raw Data\Confocal images\PNAS draft\Burrowing muscle size\91218_BZ33_CBD5_phalloidin\w2\BZ33_CBD5_w2_11.lsm,.lsm,35257601,2018-09-12
L:\02_Duchenne Muscular Dystrophy\Raw Data\Confocal images\PNAS draft\Burrowing muscle size\91218_BZ33_CBD5_phalloidin\w2\BZ33_CBD5_w2_12.lsm,.lsm,35257601,2018-09-12
L:\02_Duchenne Muscular Dystrophy\Raw Data\Confocal images\PNAS draft\Burrowing muscle size\91218_BZ33_CBD5_phalloidin\w2\BZ33_CBD5_w2_13.lsm,.lsm,35257601,2018-09-12
L:\02_Duchenne Muscular Dystrophy\Raw Data\Confocal images\PNAS draft\Burrowing muscle size\91218_BZ33_CBD5_phalloidin\w2\BZ33_CBD5_w2_14.lsm,.lsm,35257601,2018-09-12
L:\02_Duchenne Muscular Dystrophy\Raw Data\Confocal images\PNAS draft\Burrowing muscle size\91218_BZ33_CBD5_phalloidin\w2\BZ33_CBD5_w2_15.lsm,.lsm,35257601,2018-09-12
L:\02_Duchenne Muscular Dystrophy\Raw Data\Confocal images\PNAS draft\Burrowing muscle size\91218_BZ33_CBD5_phalloidin\w2\BZ33_CBD5_w2_16.lsm,.lsm,26461138,2018-09-12
L:\02_Duchenne Muscular Dystrophy\Raw Data\Confocal images\PNAS draft\Burrowing muscle size\91218_BZ33_CBD5_phalloidin\w2\BZ33_CBD5_w2_16_Max.lsm,.lsm,1171312,2018-09-12
L:\02_Duchenne Muscular Dystrophy\Raw Data\Confocal images\PNAS draft\Burrowing muscle size\91218_BZ33_CBD5_phalloidin\w2\BZ33_CBD5_w2_17.lsm,.lsm,26461138,2018-09-12
L:\02_Duchenne Muscular Dystrophy\Raw Data\Confocal images\PNAS draft\Burrowing muscle size\91218_BZ33_CBD5_phalloidin\w2\BZ33_CBD5_w2_18.lsm,.lsm,26461138,2018-09-12
L:\02_Duchenne Muscular Dystrophy\Raw Data\Confocal images\PNAS draft\Burrowing muscle size\91218_BZ33_CBD5_phalloidin\w2\BZ33_CBD5_w2_19.lsm,.lsm,26461138,2018-09-12
L:\02_Duchenne Muscular Dystrophy\Raw Data\Confocal images\PNAS draft\Burrowing muscle size\91218_BZ33_CBD5_phalloidin\w2\BZ33_CBD5_w2_2.lsm,.lsm,35257599,2018-09-12
L:\02_Duchenne Muscular Dystrophy\Raw Data\Confocal images\PNAS draft\Burrowing muscle size\91218_BZ33_CBD5_phalloidin\w2\BZ33_CBD5_w2_3.lsm,.lsm,35257599,2018-09-12
L:\02_Duchenne Muscular Dystrophy\Raw Data\Confocal images\PNAS draft\Burrowing muscle size\91218_BZ33_CBD5_phalloidin\w2\BZ33_CBD5_w2_4.lsm,.lsm,35257599,2018-09-12
L:\02_Duchenne Muscular Dystrophy\Raw Data\Confocal images\PNAS draft\Burrowing muscle size\91218_BZ33_CBD5_phalloidin\w2\BZ33_CBD5_w2_5.lsm,.lsm,35257599,2018-09-12
L:\02_Duchenne Muscular Dystrophy\Raw Data\Confocal images\PNAS draft\Burrowing muscle size\91218_BZ33_CBD5_phalloidin\w2\BZ33_CBD5_w2_6.lsm,.lsm,35257599,2018-09-12
L:\02_Duchenne Muscular Dystrophy\Raw Data\Confocal images\PNAS draft\Burrowing muscle size\91218_BZ33_CBD5_phalloidin\w2\BZ33_CBD5_w2_6_Max.lsm,.lsm,1171309,2018-09-12
L:\02_Duchenne Muscular Dystrophy\Raw Data\Confocal images\PNAS draft\Burrowing muscle size\91218_BZ33_CBD5_phalloidin\w2\BZ33_CBD5_w2_7.lsm,.lsm,35257599,2018-09-12
L:\02_Duchenne Muscular Dystrophy\Raw Data\Confocal images\PNAS draft\Burrowing muscle size\91218_BZ33_CBD5_phalloidin\w2\BZ33_CBD5_w2_8.lsm,.lsm,35257599,2018-09-12
L:\02_Duchenne Muscular Dystrophy\Raw Data\Confocal images\PNAS draft\Burrowing muscle size\91218_BZ33_CBD5_phalloidin\w2\BZ33_CBD5_w2_9.lsm,.lsm,35257599,2018-09-12
L:\02_Duchenne Muscular Dystrophy\Raw Data\Confocal images\PNAS draft\Burrowing muscle size\91218_BZ33_CBD5_phalloidin\w3\BZ33_CBD5_w3_1.lsm,.lsm,26461135,2018-09-12
L:\02_Duchenne Muscular Dystrophy\Raw Data\Confocal images\PNAS draft\Burrowing muscle size\91218_BZ33_CBD5_phalloidin\w3\BZ33_CBD5_w3_10.lsm,.lsm,29759812,2018-09-12
L:\02_Duchenne Muscular Dystrophy\Raw Data\Confocal images\PNAS draft\Burrowing muscle size\91218_BZ33_CBD5_phalloidin\w3\BZ33_CBD5_w3_11.lsm,.lsm,29759812,2018-09-12
L:\02_Duchenne Muscular Dystrophy\Raw Data\Confocal images\PNAS draft\Burrowing muscle size\91218_BZ33_CBD5_phalloidin\w3\BZ33_CBD5_w3_12.lsm,.lsm,29759812,2018-09-12
L:\02_Duchenne Muscular Dystrophy\Raw Data\Confocal images\PNAS draft\Burrowing muscle size\91218_BZ33_CBD5_phalloidin\w3\BZ33_CBD5_w3_13.lsm,.lsm,29759812,2018-09-12
L:\02_Duchenne Muscular Dystrophy\Raw Data\Confocal images\PNAS draft\Burrowing muscle size\91218_BZ33_CBD5_phalloidin\w3\BZ33_CBD5_w3_14.lsm,.lsm,29759812,2018-09-12
L:\02_Duchenne Muscular Dystrophy\Raw Data\Confocal images\PNAS draft\Burrowing muscle size\91218_BZ33_CBD5_phalloidin\w3\BZ33_CBD5_w3_15.lsm,.lsm,18764231,2018-09-12
L:\02_Duchenne Muscular Dystrophy\Raw Data\Confocal images\PNAS draft\Burrowing muscle size\91218_BZ33_CBD5_phalloidin\w3\BZ33_CBD5_w3_15_Max.lsm,.lsm,1171311,2018-09-12
L:\02_Duchenne Muscular Dystrophy\Raw Data\Confocal images\PNAS draft\Burrowing muscle size\91218_BZ33_CBD5_phalloidin\w3\BZ33_CBD5_w3_16.lsm,.lsm,18764231,2018-09-12
L:\02_Duchenne Muscular Dystrophy\Raw Data\Confocal images\PNAS draft\Burrowing muscle size\91218_BZ33_CBD5_phalloidin\w3\BZ33_CBD5_w3_17.lsm,.lsm,1171303,2018-09-12
L:\02_Duchenne Muscular Dystrophy\Raw Data\Confocal images\PNAS draft\Burrowing muscle size\91218_BZ33_CBD5_phalloidin\w3\BZ33_CBD5_w3_18.lsm,.lsm,18764231,2018-09-12
L:\02_Duchenne Muscular Dystrophy\Raw Data\Confocal images\PNAS draft\Burrowing muscle size\91218_BZ33_CBD5_phalloidin\w3\BZ33_CBD5_w3_19.lsm,.lsm,18764231,2018-09-12
L:\02_Duchenne Muscular Dystrophy\Raw Data\Confocal images\PNAS draft\Burrowing muscle size\91218_BZ33_CBD5_phalloidin\w3\BZ33_CBD5_w3_2.lsm,.lsm,29759809,2018-09-12
L:\02_Duchenne Muscular Dystrophy\Raw Data\Confocal images\PNAS draft\Burrowing muscle size\91218_BZ33_CBD5_phalloidin\w3\BZ33_CBD5_w3_20.lsm,.lsm,18764231,2018-09-12
L:\02_Duchenne Muscular Dystrophy\Raw Data\Confocal images\PNAS draft\Burrowing muscle size\91218_BZ33_CBD5_phalloidin\w3\BZ33_CBD5_w3_21.lsm,.lsm,18764231,2018-09-12
L:\02_Duchenne Muscular Dystrophy\Raw Data\Confocal images\PNAS draft\Burrowing muscle size\91218_BZ33_CBD5_phalloidin\w3\BZ33_CBD5_w3_22.lsm,.lsm,18764231,2018-09-12
L:\02_Duchenne Muscular Dystrophy\Raw Data\Confocal images\PNAS draft\Burrowing muscle size\91218_BZ33_CBD5_phalloidin\w3\BZ33_CBD5_w3_23.lsm,.lsm,18764231,2018-09-12
L:\02_Duchenne Muscular Dystrophy\Raw Data\Confocal images\PNAS draft\Burrowing muscle size\91218_BZ33_CBD5_phalloidin\w3\BZ33_CBD5_w3_24.lsm,.lsm,18764231,2018-09-12
L:\02_Duchenne Muscular Dystrophy\Raw Data\Confocal images\PNAS draft\Burrowing muscle size\91218_BZ33_CBD5_phalloidin\w3\BZ33_CBD5_w3_25.lsm,.lsm,18764231,2018-09-12
L:\02_Duchenne Muscular Dystrophy\Raw Data\Confocal images\PNAS draft\Burrowing muscle size\91218_BZ33_CBD5_phalloidin\w3\BZ33_CBD5_w3_26.lsm,.lsm,18764232,2018-09-12
L:\02_Duchenne Muscular Dystrophy\Raw Data\Confocal images\PNAS draft\Burrowing muscle size\91218_BZ33_CBD5_phalloidin\w3\BZ33_CBD5_w3_27.lsm,.lsm,18764231,2018-09-12
L:\02_Duchenne Muscular Dystrophy\Raw Data\Confocal images\PNAS draft\Burrowing muscle size\91218_BZ33_CBD5_phalloidin\w3\BZ33_CBD5_w3_28.lsm,.lsm,18764231,2018-09-12
L:\02_Duchenne Muscular Dystrophy\Raw Data\Confocal images\PNAS draft\Burrowing muscle size\91218_BZ33_CBD5_phalloidin\w3\BZ33_CBD5_w3_3.lsm,.lsm,29759809,2018-09-12
L:\02_Duchenne Muscular Dystrophy\Raw Data\Confocal images\PNAS draft\Burrowing muscle size\91218_BZ33_CBD5_phalloidin\w3\BZ33_CBD5_w3_4.lsm,.lsm,29759809,2018-09-12
L:\02_Duchenne Muscular Dystrophy\Raw Data\Confocal images\PNAS draft\Burrowing muscle size\91218_BZ33_CBD5_phalloidin\w3\BZ33_CBD5_w3_5.lsm,.lsm,29759809,2018-09-12
L:\02_Duchenne Muscular Dystrophy\Raw Data\Confocal images\PNAS draft\Burrowing muscle size\91218_BZ33_CBD5_phalloidin\w3\BZ33_CBD5_w3_6.lsm,.lsm,29759809,2018-09-12
L:\02_Duchenne Muscular Dystrophy\Raw Data\Confocal images\PNAS draft\Burrowing muscle size\91218_BZ33_CBD5_phalloidin\w3\BZ33_CBD5_w3_7.lsm,.lsm,29759809,2018-09-12
L:\02_Duchenne Muscular Dystrophy\Raw Data\Confocal images\PNAS draft\Burrowing muscle size\91218_BZ33_CBD5_phalloidin\w3\BZ33_CBD5_w3_8.lsm,.lsm,29759809,2018-09-12
L:\02_Duchenne Muscular Dystrophy\Raw Data\Confocal images\PNAS draft\Burrowing muscle size\91218_BZ33_CBD5_phalloidin\w3\BZ33_CBD5_w3_9.lsm,.lsm,29759809,2018-09-12
L:\02_Duchenne Muscular Dystrophy\Raw Data\Confocal images\PNAS draft\Burrowing muscle size\91218_BZ33_CBD5_phalloidin\w4\BZ33_CBD5_w4_1.lsm,.lsm,36382097,2018-09-14
L:\02_Duchenne Muscular Dystrophy\Raw Data\Confocal images\PNAS draft\Burrowing muscle size\91218_BZ33_CBD5_phalloidin\w4\BZ33_CBD5_w4_10.lsm,.lsm,36357159,2018-09-14
L:\02_Duchenne Muscular Dystrophy\Raw Data\Confocal images\PNAS draft\Burrowing muscle size\91218_BZ33_CBD5_phalloidin\w4\BZ33_CBD5_w4_11.lsm,.lsm,36357160,2018-09-14
L:\02_Duchenne Muscular Dystrophy\Raw Data\Confocal images\PNAS draft\Burrowing muscle size\91218_BZ33_CBD5_phalloidin\w4\BZ33_CBD5_w4_12.lsm,.lsm,36357159,2018-09-14
L:\02_Duchenne Muscular Dystrophy\Raw Data\Confocal images\PNAS draft\Burrowing muscle size\91218_BZ33_CBD5_phalloidin\w4\BZ33_CBD5_w4_13.lsm,.lsm,36357159,2018-09-14
L:\02_Duchenne Muscular Dystrophy\Raw Data\Confocal images\PNAS draft\Burrowing muscle size\91218_BZ33_CBD5_phalloidin\w4\BZ33_CBD5_w4_13_Max.lsm,.lsm,1171311,2018-09-14
L:\02_Duchenne Muscular Dystrophy\Raw Data\Confocal images\PNAS draft\Burrowing muscle size\91218_BZ33_CBD5_phalloidin\w4\BZ33_CBD5_w4_14.lsm,.lsm,27560695,2018-09-14
L:\02_Duchenne Muscular Dystrophy\Raw Data\Confocal images\PNAS draft\Burrowing muscle size\91218_BZ33_CBD5_phalloidin\w4\BZ33_CBD5_w4_15.lsm,.lsm,27560695,2018-09-14
L:\02_Duchenne Muscular Dystrophy\Raw Data\Confocal images\PNAS draft\Burrowing muscle size\91218_BZ33_CBD5_phalloidin\w4\BZ33_CBD5_w4_16.lsm,.lsm,27560695,2018-09-14
L:\02_Duchenne Muscular Dystrophy\Raw Data\Confocal images\PNAS draft\Burrowing muscle size\91218_BZ33_CBD5_phalloidin\w4\BZ33_CBD5_w4_17.lsm,.lsm,27560696,2018-09-14
L:\02_Duchenne Muscular Dystrophy\Raw Data\Confocal images\PNAS draft\Burrowing muscle size\91218_BZ33_CBD5_phalloidin\w4\BZ33_CBD5_w4_18.lsm,.lsm,27560696,2018-09-14
L:\02_Duchenne Muscular Dystrophy\Raw Data\Confocal images\PNAS draft\Burrowing muscle size\91218_BZ33_CBD5_phalloidin\w4\BZ33_CBD5_w4_2.lsm,.lsm,36357157,2018-09-14
L:\02_Duchenne Muscular Dystrophy\Raw Data\Confocal images\PNAS draft\Burrowing muscle size\91218_BZ33_CBD5_phalloidin\w4\BZ33_CBD5_w4_3.lsm,.lsm,36357157,2018-09-14
L:\02_Duchenne Muscular Dystrophy\Raw Data\Confocal images\PNAS draft\Burrowing muscle size\91218_BZ33_CBD5_phalloidin\w4\BZ33_CBD5_w4_4.lsm,.lsm,36357157,2018-09-14
L:\02_Duchenne Muscular Dystrophy\Raw Data\Confocal images\PNAS draft\Burrowing muscle size\91218_BZ33_CBD5_phalloidin\w4\BZ33_CBD5_w4_5.lsm,.lsm,36357157,2018-09-14
L:\02_Duchenne Muscular Dystrophy\Raw Data\Confocal images\PNAS draft\Burrowing muscle size\91218_BZ33_CBD5_phalloidin\w4\BZ33_CBD5_w4_6.lsm,.lsm,36357157,2018-09-14
L:\02_Duchenne Muscular Dystrophy\Raw Data\Confocal images\PNAS draft\Burrowing muscle size\91218_BZ33_CBD5_phalloidin\w4\BZ33_CBD5_w4_7.lsm,.lsm,36357157,2018-09-14
L:\02_Duchenne Muscular Dystrophy\Raw Data\Confocal images\PNAS draft\Burrowing muscle size\91218_BZ33_CBD5_phalloidin\w4\BZ33_CBD5_w4_8.lsm,.lsm,36357157,2018-09-14
L:\02_Duchenne Muscular Dystrophy\Raw Data\Confocal images\PNAS draft\Burrowing muscle size\91218_BZ33_CBD5_phalloidin\w4\BZ33_CBD5_w4_9.lsm,.lsm,36357157,2018-09-14
L:\02_Duchenne Muscular Dystrophy\Raw Data\Confocal images\PNAS draft\Burrowing muscle size\91218_BZ33_CBD5_phalloidin\w5\BZ33_CBD5_w5_1.lsm,.lsm,28660251,2018-09-14
L:\02_Duchenne Muscular Dystrophy\Raw Data\Confocal images\PNAS draft\Burrowing muscle size\91218_BZ33_CBD5_phalloidin\w5\BZ33_CBD5_w5_10.lsm,.lsm,33058485,2018-09-14
L:\02_Duchenne Muscular Dystrophy\Raw Data\Confocal images\PNAS draft\Burrowing muscle size\91218_BZ33_CBD5_phalloidin\w5\BZ33_CBD5_w5_11.lsm,.lsm,29759811,2018-09-14
L:\02_Duchenne Muscular Dystrophy\Raw Data\Confocal images\PNAS draft\Burrowing muscle size\91218_BZ33_CBD5_phalloidin\w5\BZ33_CBD5_w5_12.lsm,.lsm,29759811,2018-09-14
L:\02_Duchenne Muscular Dystrophy\Raw Data\Confocal images\PNAS draft\Burrowing muscle size\91218_BZ33_CBD5_phalloidin\w5\BZ33_CBD5_w5_13.lsm,.lsm,29759811,2018-09-14
L:\02_Duchenne Muscular Dystrophy\Raw Data\Confocal images\PNAS draft\Burrowing muscle size\91218_BZ33_CBD5_phalloidin\w5\BZ33_CBD5_w5_14.lsm,.lsm,60547435,2018-09-14
L:\02_Duchenne Muscular Dystrophy\Raw Data\Confocal images\PNAS draft\Burrowing muscle size\91218_BZ33_CBD5_phalloidin\w5\BZ33_CBD5_w5_15.lsm,.lsm,60547435,2018-09-14
L:\02_Duchenne Muscular Dystrophy\Raw Data\Confocal images\PNAS draft\Burrowing muscle size\91218_BZ33_CBD5_phalloidin\w5\BZ33_CBD5_w5_16.lsm,.lsm,62746551,2018-09-14
L:\02_Duchenne Muscular Dystrophy\Raw Data\Confocal images\PNAS draft\Burrowing muscle size\91218_BZ33_CBD5_phalloidin\w5\BZ33_CBD5_w5_17.lsm,.lsm,62746551,2018-09-14
L:\02_Duchenne Muscular Dystrophy\Raw Data\Confocal images\PNAS draft\Burrowing muscle size\91218_BZ33_CBD5_phalloidin\w5\BZ33_CBD5_w5_17_Max.lsm,.lsm,1171311,2018-09-14
L:\02_Duchenne Muscular Dystrophy\Raw Data\Confocal images\PNAS draft\Burrowing muscle size\91218_BZ33_CBD5_phalloidin\w5\BZ33_CBD5_w5_2.lsm,.lsm,28660251,2018-09-14
L:\02_Duchenne Muscular Dystrophy\Raw Data\Confocal images\PNAS draft\Burrowing muscle size\91218_BZ33_CBD5_phalloidin\w5\BZ33_CBD5_w5_3.lsm,.lsm,28660251,2018-09-14
L:\02_Duchenne Muscular Dystrophy\Raw Data\Confocal images\PNAS draft\Burrowing muscle size\91218_BZ33_CBD5_phalloidin\w5\BZ33_CBD5_w5_4.lsm,.lsm,35257599,2018-09-14
L:\02_Duchenne Muscular Dystrophy\Raw Data\Confocal images\PNAS draft\Burrowing muscle size\91218_BZ33_CBD5_phalloidin\w5\BZ33_CBD5_w5_5.lsm,.lsm,29759809,2018-09-14
L:\02_Duchenne Muscular Dystrophy\Raw Data\Confocal images\PNAS draft\Burrowing muscle size\91218_BZ33_CBD5_phalloidin\w5\BZ33_CBD5_w5_6.lsm,.lsm,29759809,2018-09-14
L:\02_Duchenne Muscular Dystrophy\Raw Data\Confocal images\PNAS draft\Burrowing muscle size\91218_BZ33_CBD5_phalloidin\w5\BZ33_CBD5_w5_7.lsm,.lsm,33058483,2018-09-14
L:\02_Duchenne Muscular Dystrophy\Raw Data\Confocal images\PNAS draft\Burrowing muscle size\91218_BZ33_CBD5_phalloidin\w5\BZ33_CBD5_w5_8.lsm,.lsm,33058483,2018-09-14
L:\02_Duchenne Muscular Dystrophy\Raw Data\Confocal images\PNAS draft\Burrowing muscle size\91218_BZ33_CBD5_phalloidin\w5\BZ33_CBD5_w5_9.lsm,.lsm,33058483,2018-09-14
L:\02_Duchenne Muscular Dystrophy\Raw Data\Confocal images\PNAS draft\Full worms 100x\113018_BZ33_IB3%D5_full worm\BZ33_IB3%D5_full worm_1.lsm,.lsm,65203111,2018-11-30
L:\02_Duchenne Muscular Dystrophy\Raw Data\Confocal images\PNAS draft\Full worms 100x\113018_BZ33_IB3%D5_full worm\BZ33_IB3%D5_full worm_2.lsm,.lsm,81485957,2018-11-30
L:\02_Duchenne Muscular Dystrophy\Raw Data\Confocal images\PNAS draft\Full worms 100x\113018_BZ33_IB3%D5_full worm\BZ33_IB3%D5_full worm_3.lsm,.lsm,65203111,2018-12-01
L:\02_Duchenne Muscular Dystrophy\Raw Data\Confocal images\PNAS draft\Full worms 100x\113018_BZ33_IB3%D5_full worm\BZ33_IB3%D5_full worm_4.lsm,.lsm,73344534,2018-12-01
L:\02_Duchenne Muscular Dystrophy\Raw Data\Confocal images\PNAS draft\Full worms 100x\113018_BZ33_IB3%D5_full worm\BZ33_IB3%D5_full worm_5.lsm,.lsm,16354580,2018-12-01
L:\02_Duchenne Muscular Dystrophy\Raw Data\Confocal images\PNAS draft\Full worms 100x\12118_HKK22_CB3%D5_100x_full worm\HKK22_CB3%D5_1.lsm,.lsm,61470361,2018-12-01
L:\02_Duchenne Muscular Dystrophy\Raw Data\Confocal images\PNAS draft\Full worms 100x\12118_HKK22_CB3%D5_100x_full worm\HKK22_CB3%D5_2.lsm,.lsm,52677749,2018-12-01
L:\02_Duchenne Muscular Dystrophy\Raw Data\Confocal images\PNAS draft\Full worms 100x\12118_HKK22_CB3%D5_100x_full worm\HKK22_CB3%D5_2_Max.lsm,.lsm,1951345,2018-12-01
L:\02_Duchenne Muscular Dystrophy\Raw Data\Confocal images\PNAS draft\Full worms 100x\12118_HKK22_CB3%D5_100x_full worm\HKK22_CB3%D5_3.lsm,.lsm,17607061,2018-12-01
L:\02_Duchenne Muscular Dystrophy\Raw Data\Confocal images\PNAS draft\Full worms 100x\12118_HKK22_CB3%D5_100x_full worm\HKK22_CB3%D5_4.lsm,.lsm,17607063,2018-12-01
L:\02_Duchenne Muscular Dystrophy\Raw Data\Confocal images\PNAS draft\Full worms 100x\12118_HKK22_CB3%D5_100x_full worm\HKK22_CB3%D5_5.lsm,.lsm,35142409,2018-12-01
L:\02_Duchenne Muscular Dystrophy\Raw Data\Confocal images\PNAS draft\Full worms 100x\12118_HKK22_CB3%D5_100x_full worm\HKK22_CB3%D5_6.lsm,.lsm,43910082,2018-12-01
L:\02_Duchenne Muscular Dystrophy\Raw Data\Confocal images\PNAS draft\Full worms 100x\12118_HKK22_CB3%D5_100x_full worm\HKK22_CB3%D5_7.lsm,.lsm,43910082,2018-12-01
L:\02_Duchenne Muscular Dystrophy\Raw Data\Confocal images\PNAS draft\Full worms 100x\12118_HKK22_CB3%D5_100x_full worm\HKK22_CB3%D5_8.lsm,.lsm,35142409,2018-12-01
L:\02_Duchenne Muscular Dystrophy\Raw Data\Confocal images\PNAS draft\Full worms 100x\BZ33_CB3%D5_full worm\BZ33_CB3%D5_1.lsm,.lsm,7586763,2018-11-28
L:\02_Duchenne Muscular Dystrophy\Raw Data\Confocal images\PNAS draft\Full worms 100x\BZ33_CB3%D5_full worm\BZ33_CB3%D5_10.lsm,.lsm,6647387,2018-11-28
L:\02_Duchenne Muscular Dystrophy\Raw Data\Confocal images\PNAS draft\Full worms 100x\BZ33_CB3%D5_full worm\BZ33_CB3%D5_11.lsm,.lsm,7273639,2018-11-28
L:\02_Duchenne Muscular Dystrophy\Raw Data\Confocal images\PNAS draft\Full worms 100x\BZ33_CB3%D5_full worm\BZ33_CB3%D5_12.lsm,.lsm,5708009,2018-11-28
L:\02_Duchenne Muscular Dystrophy\Raw Data\Confocal images\PNAS draft\Full worms 100x\BZ33_CB3%D5_full worm\BZ33_CB3%D5_13.lsm,.lsm,5394883,2018-11-28
L:\02_Duchenne Muscular Dystrophy\Raw Data\Confocal images\PNAS draft\Full worms 100x\BZ33_CB3%D5_full worm\BZ33_CB3%D5_14.lsm,.lsm,5394883,2018-11-28
L:\02_Duchenne Muscular Dystrophy\Raw Data\Confocal images\PNAS draft\Full worms 100x\BZ33_CB3%D5_full worm\BZ33_CB3%D5_2.lsm,.lsm,7586763,2018-11-28
L:\02_Duchenne Muscular Dystrophy\Raw Data\Confocal images\PNAS draft\Full worms 100x\BZ33_CB3%D5_full worm\BZ33_CB3%D5_2_Max.lsm,.lsm,384873,2018-11-28
L:\02_Duchenne Muscular Dystrophy\Raw Data\Confocal images\PNAS draft\Full worms 100x\BZ33_CB3%D5_full worm\BZ33_CB3%D5_3.lsm,.lsm,6334259,2018-11-28
L:\02_Duchenne Muscular Dystrophy\Raw Data\Confocal images\PNAS draft\Full worms 100x\BZ33_CB3%D5_full worm\BZ33_CB3%D5_4.lsm,.lsm,7273637,2018-11-28
L:\02_Duchenne Muscular Dystrophy\Raw Data\Confocal images\PNAS draft\Full worms 100x\BZ33_CB3%D5_full worm\BZ33_CB3%D5_5.lsm,.lsm,5394881,2018-11-28
L:\02_Duchenne Muscular Dystrophy\Raw Data\Confocal images\PNAS draft\Full worms 100x\BZ33_CB3%D5_full worm\BZ33_CB3%D5_6.lsm,.lsm,7273637,2018-11-28
L:\02_Duchenne Muscular Dystrophy\Raw Data\Confocal images\PNAS draft\Full worms 100x\BZ33_CB3%D5_full worm\BZ33_CB3%D5_7.lsm,.lsm,6021133,2018-11-28
L:\02_Duchenne Muscular Dystrophy\Raw Data\Confocal images\PNAS draft\Full worms 100x\BZ33_CB3%D5_full worm\BZ33_CB3%D5_8.lsm,.lsm,7586763,2018-11-28
L:\02_Duchenne Muscular Dystrophy\Raw Data\Confocal images\PNAS draft\Full worms 100x\BZ33_CB3%D5_full worm\BZ33_CB3%D5_9.lsm,.lsm,5081755,2018-11-28
L:\02_Duchenne Muscular Dystrophy\Raw Data\Confocal images\PNAS draft\Full worms 100x\BZ33_CD5_full worm\BZ33_CD5\BZ33_CD5_1.lsm,.lsm,6960505,2018-11-28
L:\02_Duchenne Muscular Dystrophy\Raw Data\Confocal images\PNAS draft\Full worms 100x\BZ33_CD5_full worm\BZ33_CD5\BZ33_CD5_10.lsm,.lsm,7899885,2018-11-28
L:\02_Duchenne Muscular Dystrophy\Raw Data\Confocal images\PNAS draft\Full worms 100x\BZ33_CD5_full worm\BZ33_CD5\BZ33_CD5_11.lsm,.lsm,6960507,2018-11-28
L:\02_Duchenne Muscular Dystrophy\Raw Data\Confocal images\PNAS draft\Full worms 100x\BZ33_CD5_full worm\BZ33_CD5\BZ33_CD5_12.lsm,.lsm,8839263,2018-11-28
L:\02_Duchenne Muscular Dystrophy\Raw Data\Confocal images\PNAS draft\Full worms 100x\BZ33_CD5_full worm\BZ33_CD5\BZ33_CD5_13.lsm,.lsm,6647381,2018-11-28
L:\02_Duchenne Muscular Dystrophy\Raw Data\Confocal images\PNAS draft\Full worms 100x\BZ33_CD5_full worm\BZ33_CD5\BZ33_CD5_14.lsm,.lsm,8213011,2018-11-28
L:\02_Duchenne Muscular Dystrophy\Raw Data\Confocal images\PNAS draft\Full worms 100x\BZ33_CD5_full worm\BZ33_CD5\BZ33_CD5_15.lsm,.lsm,8526137,2018-11-28
L:\02_Duchenne Muscular Dystrophy\Raw Data\Confocal images\PNAS draft\Full worms 100x\BZ33_CD5_full worm\BZ33_CD5\BZ33_CD5_16.lsm,.lsm,6647381,2018-11-28
L:\02_Duchenne Muscular Dystrophy\Raw Data\Confocal images\PNAS draft\Full worms 100x\BZ33_CD5_full worm\BZ33_CD5\BZ33_CD5_17.lsm,.lsm,7899885,2018-11-28
L:\02_Duchenne Muscular Dystrophy\Raw Data\Confocal images\PNAS draft\Full worms 100x\BZ33_CD5_full worm\BZ33_CD5\BZ33_CD5_18.lsm,.lsm,7899885,2018-11-28
L:\02_Duchenne Muscular Dystrophy\Raw Data\Confocal images\PNAS draft\Full worms 100x\BZ33_CD5_full worm\BZ33_CD5\BZ33_CD5_19.lsm,.lsm,8839263,2018-11-28
L:\02_Duchenne Muscular Dystrophy\Raw Data\Confocal images\PNAS draft\Full worms 100x\BZ33_CD5_full worm\BZ33_CD5\BZ33_CD5_2.lsm,.lsm,8526135,2018-11-28
L:\02_Duchenne Muscular Dystrophy\Raw Data\Confocal images\PNAS draft\Full worms 100x\BZ33_CD5_full worm\BZ33_CD5\BZ33_CD5_20.lsm,.lsm,8213011,2018-11-28
L:\02_Duchenne Muscular Dystrophy\Raw Data\Confocal images\PNAS draft\Full worms 100x\BZ33_CD5_full worm\BZ33_CD5\BZ33_CD5_21.lsm,.lsm,7586759,2018-11-28
L:\02_Duchenne Muscular Dystrophy\Raw Data\Confocal images\PNAS draft\Full worms 100x\BZ33_CD5_full worm\BZ33_CD5\BZ33_CD5_3.lsm,.lsm,7273631,2018-11-28
L:\02_Duchenne Muscular Dystrophy\Raw Data\Confocal images\PNAS draft\Full worms 100x\BZ33_CD5_full worm\BZ33_CD5\BZ33_CD5_4.lsm,.lsm,8526135,2018-11-28
L:\02_Duchenne Muscular Dystrophy\Raw Data\Confocal images\PNAS draft\Full worms 100x\BZ33_CD5_full worm\BZ33_CD5\BZ33_CD5_5.lsm,.lsm,8526135,2018-11-28
L:\02_Duchenne Muscular Dystrophy\Raw Data\Confocal images\PNAS draft\Full worms 100x\BZ33_CD5_full worm\BZ33_CD5\BZ33_CD5_6.lsm,.lsm,8526135,2018-11-28
L:\02_Duchenne Muscular Dystrophy\Raw Data\Confocal images\PNAS draft\Full worms 100x\BZ33_CD5_full worm\BZ33_CD5\BZ33_CD5_7.lsm,.lsm,8526135,2018-11-28
L:\02_Duchenne Muscular Dystrophy\Raw Data\Confocal images\PNAS draft\Full worms 100x\BZ33_CD5_full worm\BZ33_CD5\BZ33_CD5_8.lsm,.lsm,7586757,2018-11-28
L:\02_Duchenne Muscular Dystrophy\Raw Data\Confocal images\PNAS draft\Full worms 100x\BZ33_CD5_full worm\BZ33_CD5\BZ33_CD5_9.lsm,.lsm,7273631,2018-11-28
L:\02_Duchenne Muscular Dystrophy\Raw Data\Confocal images\PNAS draft\Full worms 100x\BZ33_CD5_full worm\BZ33_CD5_BAD (muscles not flat)\BZ33_CD5_1.lsm,.lsm,6960507,2018-11-27
L:\02_Duchenne Muscular Dystrophy\Raw Data\Confocal images\PNAS draft\Full worms 100x\BZ33_CD5_full worm\BZ33_CD5_BAD (muscles not flat)\BZ33_CD5_10.lsm,.lsm,7899887,2018-11-27
L:\02_Duchenne Muscular Dystrophy\Raw Data\Confocal images\PNAS draft\Full worms 100x\BZ33_CD5_full worm\BZ33_CD5_BAD (muscles not flat)\BZ33_CD5_11.lsm,.lsm,9152391,2018-11-27
L:\02_Duchenne Muscular Dystrophy\Raw Data\Confocal images\PNAS draft\Full worms 100x\BZ33_CD5_full worm\BZ33_CD5_BAD (muscles not flat)\BZ33_CD5_2.lsm,.lsm,8213011,2018-11-27
L:\02_Duchenne Muscular Dystrophy\Raw Data\Confocal images\PNAS draft\Full worms 100x\BZ33_CD5_full worm\BZ33_CD5_BAD (muscles not flat)\BZ33_CD5_3.lsm,.lsm,8213011,2018-11-27
L:\02_Duchenne Muscular Dystrophy\Raw Data\Confocal images\PNAS draft\Full worms 100x\BZ33_CD5_full worm\BZ33_CD5_BAD (muscles not flat)\BZ33_CD5_4.lsm,.lsm,7899885,2018-11-27
L:\02_Duchenne Muscular Dystrophy\Raw Data\Confocal images\PNAS draft\Full worms 100x\BZ33_CD5_full worm\BZ33_CD5_BAD (muscles not flat)\BZ33_CD5_5.lsm,.lsm,7586759,2018-11-27
L:\02_Duchenne Muscular Dystrophy\Raw Data\Confocal images\PNAS draft\Full worms 100x\BZ33_CD5_full worm\BZ33_CD5_BAD (muscles not flat)\BZ33_CD5_6.lsm,.lsm,6334255,2018-11-27
L:\02_Duchenne Muscular Dystrophy\Raw Data\Confocal images\PNAS draft\Full worms 100x\BZ33_CD5_full worm\BZ33_CD5_BAD (muscles not flat)\BZ33_CD5_7.lsm,.lsm,9778641,2018-11-27
L:\02_Duchenne Muscular Dystrophy\Raw Data\Confocal images\PNAS draft\Full worms 100x\BZ33_CD5_full worm\BZ33_CD5_BAD (muscles not flat)\BZ33_CD5_8.lsm,.lsm,9778641,2018-11-27
L:\02_Duchenne Muscular Dystrophy\Raw Data\Confocal images\PNAS draft\Full worms 100x\BZ33_CD5_full worm\BZ33_CD5_BAD (muscles not flat)\BZ33_CD5_9.lsm,.lsm,9778641,2018-11-27
L:\02_Duchenne Muscular Dystrophy\Raw Data\Confocal images\PNAS draft\Full worms 100x\N2_CB3%D5_full worm\N2_CB3%D5_1.lsm,.lsm,7899885,2018-11-28
L:\02_Duchenne Muscular Dystrophy\Raw Data\Confocal images\PNAS draft\Full worms 100x\N2_CB3%D5_full worm\N2_CB3%D5_10.lsm,.lsm,6960509,2018-11-28
L:\02_Duchenne Muscular Dystrophy\Raw Data\Confocal images\PNAS draft\Full worms 100x\N2_CB3%D5_full worm\N2_CB3%D5_11.lsm,.lsm,6021131,2018-11-28
L:\02_Duchenne Muscular Dystrophy\Raw Data\Confocal images\PNAS draft\Full worms 100x\N2_CB3%D5_full worm\N2_CB3%D5_12.lsm,.lsm,6647383,2018-11-28
L:\02_Duchenne Muscular Dystrophy\Raw Data\Confocal images\PNAS draft\Full worms 100x\N2_CB3%D5_full worm\N2_CB3%D5_13.lsm,.lsm,8839265,2018-11-28
L:\02_Duchenne Muscular Dystrophy\Raw Data\Confocal images\PNAS draft\Full worms 100x\N2_CB3%D5_full worm\N2_CB3%D5_14.lsm,.lsm,8213013,2018-11-28
L:\02_Duchenne Muscular Dystrophy\Raw Data\Confocal images\PNAS draft\Full worms 100x\N2_CB3%D5_full worm\N2_CB3%D5_15.lsm,.lsm,384863,2018-11-28
L:\02_Duchenne Muscular Dystrophy\Raw Data\Confocal images\PNAS draft\Full worms 100x\N2_CB3%D5_full worm\N2_CB3%D5_16.lsm,.lsm,6021131,2018-11-28
L:\02_Duchenne Muscular Dystrophy\Raw Data\Confocal images\PNAS draft\Full worms 100x\N2_CB3%D5_full worm\N2_CB3%D5_2.lsm,.lsm,7273633,2018-11-28
L:\02_Duchenne Muscular Dystrophy\Raw Data\Confocal images\PNAS draft\Full worms 100x\N2_CB3%D5_full worm\N2_CB3%D5_3.lsm,.lsm,7273633,2018-11-28
L:\02_Duchenne Muscular Dystrophy\Raw Data\Confocal images\PNAS draft\Full worms 100x\N2_CB3%D5_full worm\N2_CB3%D5_4.lsm,.lsm,6647381,2018-11-28
L:\02_Duchenne Muscular Dystrophy\Raw Data\Confocal images\PNAS draft\Full worms 100x\N2_CB3%D5_full worm\N2_CB3%D5_5.lsm,.lsm,6647381,2018-11-28
L:\02_Duchenne Muscular Dystrophy\Raw Data\Confocal images\PNAS draft\Full worms 100x\N2_CB3%D5_full worm\N2_CB3%D5_6.lsm,.lsm,7899885,2018-11-28
L:\02_Duchenne Muscular Dystrophy\Raw Data\Confocal images\PNAS draft\Full worms 100x\N2_CB3%D5_full worm\N2_CB3%D5_7.lsm,.lsm,6334255,2018-11-28
L:\02_Duchenne Muscular Dystrophy\Raw Data\Confocal images\PNAS draft\Full worms 100x\N2_CB3%D5_full worm\N2_CB3%D5_8.lsm,.lsm,7273633,2018-11-28
L:\02_Duchenne Muscular Dystrophy\Raw Data\Confocal images\PNAS draft\Full worms 100x\N2_CB3%D5_full worm\N2_CB3%D5_9.lsm,.lsm,6334255,2018-11-28
L:\02_Duchenne Muscular Dystrophy\Raw Data\Confocal images\PNAS draft\Full worms 100x\N2_CD5_Full worm\N2_CD5_1.lsm,.lsm,7586870,2018-11-27
L:\02_Duchenne Muscular Dystrophy\Raw Data\Confocal images\PNAS draft\Full worms 100x\N2_CD5_Full worm\N2_CD5_10.lsm,.lsm,6334251,2018-11-27
L:\02_Duchenne Muscular Dystrophy\Raw Data\Confocal images\PNAS draft\Full worms 100x\N2_CD5_Full worm\N2_CD5_11.lsm,.lsm,7586755,2018-11-27
L:\02_Duchenne Muscular Dystrophy\Raw Data\Confocal images\PNAS draft\Full worms 100x\N2_CD5_Full worm\N2_CD5_12.lsm,.lsm,7586755,2018-11-27
L:\02_Duchenne Muscular Dystrophy\Raw Data\Confocal images\PNAS draft\Full worms 100x\N2_CD5_Full worm\N2_CD5_13.lsm,.lsm,6647377,2018-11-27
L:\02_Duchenne Muscular Dystrophy\Raw Data\Confocal images\PNAS draft\Full worms 100x\N2_CD5_Full worm\N2_CD5_14.lsm,.lsm,6334251,2018-11-27
L:\02_Duchenne Muscular Dystrophy\Raw Data\Confocal images\PNAS draft\Full worms 100x\N2_CD5_Full worm\N2_CD5_15.lsm,.lsm,6647377,2018-11-27
L:\02_Duchenne Muscular Dystrophy\Raw Data\Confocal images\PNAS draft\Full worms 100x\N2_CD5_Full worm\N2_CD5_16.lsm,.lsm,6021125,2018-11-27
L:\02_Duchenne Muscular Dystrophy\Raw Data\Confocal images\PNAS draft\Full worms 100x\N2_CD5_Full worm\N2_CD5_17.lsm,.lsm,6334251,2018-11-27
L:\02_Duchenne Muscular Dystrophy\Raw Data\Confocal images\PNAS draft\Full worms 100x\N2_CD5_Full worm\N2_CD5_18.lsm,.lsm,6334251,2018-11-27
L:\02_Duchenne Muscular Dystrophy\Raw Data\Confocal images\PNAS draft\Full worms 100x\N2_CD5_Full worm\N2_CD5_19.lsm,.lsm,6334251,2018-11-27
L:\02_Duchenne Muscular Dystrophy\Raw Data\Confocal images\PNAS draft\Full worms 100x\N2_CD5_Full worm\N2_CD5_2.lsm,.lsm,15102041,2018-11-27
L:\02_Duchenne Muscular Dystrophy\Raw Data\Confocal images\PNAS draft\Full worms 100x\N2_CD5_Full worm\N2_CD5_20.lsm,.lsm,6334251,2018-11-27
L:\02_Duchenne Muscular Dystrophy\Raw Data\Confocal images\PNAS draft\Full worms 100x\N2_CD5_Full worm\N2_CD5_21.lsm,.lsm,6647377,2018-11-27
L:\02_Duchenne Muscular Dystrophy\Raw Data\Confocal images\PNAS draft\Full worms 100x\N2_CD5_Full worm\N2_CD5_22.lsm,.lsm,6334251,2018-11-27
L:\02_Duchenne Muscular Dystrophy\Raw Data\Confocal images\PNAS draft\Full worms 100x\N2_CD5_Full worm\N2_CD5_23.lsm,.lsm,5394873,2018-11-27
L:\02_Duchenne Muscular Dystrophy\Raw Data\Confocal images\PNAS draft\Full worms 100x\N2_CD5_Full worm\N2_CD5_24.lsm,.lsm,6021125,2018-11-27
L:\02_Duchenne Muscular Dystrophy\Raw Data\Confocal images\PNAS draft\Full worms 100x\N2_CD5_Full worm\N2_CD5_25.lsm,.lsm,6021125,2018-11-27
L:\02_Duchenne Muscular Dystrophy\Raw Data\Confocal images\PNAS draft\Full worms 100x\N2_CD5_Full worm\N2_CD5_26.lsm,.lsm,6021125,2018-11-27
L:\02_Duchenne Muscular Dystrophy\Raw Data\Confocal images\PNAS draft\Full worms 100x\N2_CD5_Full worm\N2_CD5_27.lsm,.lsm,6021125,2018-11-27
L:\02_Duchenne Muscular Dystrophy\Raw Data\Confocal images\PNAS draft\Full worms 100x\N2_CD5_Full worm\N2_CD5_3.lsm,.lsm,6960501,2018-11-27
L:\02_Duchenne Muscular Dystrophy\Raw Data\Confocal images\PNAS draft\Full worms 100x\N2_CD5_Full worm\N2_CD5_4.lsm,.lsm,6960501,2018-11-27
L:\02_Duchenne Muscular Dystrophy\Raw Data\Confocal images\PNAS draft\Full worms 100x\N2_CD5_Full worm\N2_CD5_5.lsm,.lsm,6647375,2018-11-27
L:\02_Duchenne Muscular Dystrophy\Raw Data\Confocal images\PNAS draft\Full worms 100x\N2_CD5_Full worm\N2_CD5_6.lsm,.lsm,6647375,2018-11-27
L:\02_Duchenne Muscular Dystrophy\Raw Data\Confocal images\PNAS draft\Full worms 100x\N2_CD5_Full worm\N2_CD5_7.lsm,.lsm,6960501,2018-11-27
L:\02_Duchenne Muscular Dystrophy\Raw Data\Confocal images\PNAS draft\Full worms 100x\N2_CD5_Full worm\N2_CD5_8.lsm,.lsm,6960501,2018-11-27
L:\02_Duchenne Muscular Dystrophy\Raw Data\Confocal images\PNAS draft\Full worms 100x\N2_CD5_Full worm\N2_CD5_9.lsm,.lsm,6334249,2018-11-27
L:\02_Duchenne Muscular Dystrophy\Raw Data\Confocal images\PNAS draft\Full worms 100x\N2_IB3%D5_full worm\N2_IB3%D5_1.lsm,.lsm,7899884,2018-11-28
L:\02_Duchenne Muscular Dystrophy\Raw Data\Confocal images\PNAS draft\Full worms 100x\N2_IB3%D5_full worm\N2_IB3%D5_10.lsm,.lsm,6647382,2018-11-28
L:\02_Duchenne Muscular Dystrophy\Raw Data\Confocal images\PNAS draft\Full worms 100x\N2_IB3%D5_full worm\N2_IB3%D5_11.lsm,.lsm,6647382,2018-11-28
L:\02_Duchenne Muscular Dystrophy\Raw Data\Confocal images\PNAS draft\Full worms 100x\N2_IB3%D5_full worm\N2_IB3%D5_12.lsm,.lsm,8213012,2018-11-28
L:\02_Duchenne Muscular Dystrophy\Raw Data\Confocal images\PNAS draft\Full worms 100x\N2_IB3%D5_full worm\N2_IB3%D5_13.lsm,.lsm,7273634,2018-11-28
L:\02_Duchenne Muscular Dystrophy\Raw Data\Confocal images\PNAS draft\Full worms 100x\N2_IB3%D5_full worm\N2_IB3%D5_14.lsm,.lsm,6334256,2018-11-28
L:\02_Duchenne Muscular Dystrophy\Raw Data\Confocal images\PNAS draft\Full worms 100x\N2_IB3%D5_full worm\N2_IB3%D5_15.lsm,.lsm,6021130,2018-11-28
L:\02_Duchenne Muscular Dystrophy\Raw Data\Confocal images\PNAS draft\Full worms 100x\N2_IB3%D5_full worm\N2_IB3%D5_16.lsm,.lsm,7586760,2018-11-28
L:\02_Duchenne Muscular Dystrophy\Raw Data\Confocal images\PNAS draft\Full worms 100x\N2_IB3%D5_full worm\N2_IB3%D5_17.lsm,.lsm,6647382,2018-11-28
L:\02_Duchenne Muscular Dystrophy\Raw Data\Confocal images\PNAS draft\Full worms 100x\N2_IB3%D5_full worm\N2_IB3%D5_18.lsm,.lsm,6021130,2018-11-28
L:\02_Duchenne Muscular Dystrophy\Raw Data\Confocal images\PNAS draft\Full worms 100x\N2_IB3%D5_full worm\N2_IB3%D5_19.lsm,.lsm,7273634,2018-11-28
L:\02_Duchenne Muscular Dystrophy\Raw Data\Confocal images\PNAS draft\Full worms 100x\N2_IB3%D5_full worm\N2_IB3%D5_2.lsm,.lsm,6334254,2018-11-28
L:\02_Duchenne Muscular Dystrophy\Raw Data\Confocal images\PNAS draft\Full worms 100x\N2_IB3%D5_full worm\N2_IB3%D5_20.lsm,.lsm,6647382,2018-11-28
L:\02_Duchenne Muscular Dystrophy\Raw Data\Confocal images\PNAS draft\Full worms 100x\N2_IB3%D5_full worm\N2_IB3%D5_21.lsm,.lsm,7586760,2018-11-28
L:\02_Duchenne Muscular Dystrophy\Raw Data\Confocal images\PNAS draft\Full worms 100x\N2_IB3%D5_full worm\N2_IB3%D5_22.lsm,.lsm,6021130,2018-11-28
L:\02_Duchenne Muscular Dystrophy\Raw Data\Confocal images\PNAS draft\Full worms 100x\N2_IB3%D5_full worm\N2_IB3%D5_23.lsm,.lsm,5394878,2018-11-28
L:\02_Duchenne Muscular Dystrophy\Raw Data\Confocal images\PNAS draft\Full worms 100x\N2_IB3%D5_full worm\N2_IB3%D5_24.lsm,.lsm,6960508,2018-11-28
L:\02_Duchenne Muscular Dystrophy\Raw Data\Confocal images\PNAS draft\Full worms 100x\N2_IB3%D5_full worm\N2_IB3%D5_25.lsm,.lsm,6647382,2018-11-28
L:\02_Duchenne Muscular Dystrophy\Raw Data\Confocal images\PNAS draft\Full worms 100x\N2_IB3%D5_full worm\N2_IB3%D5_26.lsm,.lsm,6960508,2018-11-28
L:\02_Duchenne Muscular Dystrophy\Raw Data\Confocal images\PNAS draft\Full worms 100x\N2_IB3%D5_full worm\N2_IB3%D5_27.lsm,.lsm,5708004,2018-11-28
L:\02_Duchenne Muscular Dystrophy\Raw Data\Confocal images\PNAS draft\Full worms 100x\N2_IB3%D5_full worm\N2_IB3%D5_28.lsm,.lsm,7273634,2018-11-28
L:\02_Duchenne Muscular Dystrophy\Raw Data\Confocal images\PNAS draft\Full worms 100x\N2_IB3%D5_full worm\N2_IB3%D5_29.lsm,.lsm,6960508,2018-11-28
L:\02_Duchenne Muscular Dystrophy\Raw Data\Confocal images\PNAS draft\Full worms 100x\N2_IB3%D5_full worm\N2_IB3%D5_3.lsm,.lsm,6960506,2018-11-28
L:\02_Duchenne Muscular Dystrophy\Raw Data\Confocal images\PNAS draft\Full worms 100x\N2_IB3%D5_full worm\N2_IB3%D5_30.lsm,.lsm,6334256,2018-11-28
L:\02_Duchenne Muscular Dystrophy\Raw Data\Confocal images\PNAS draft\Full worms 100x\N2_IB3%D5_full worm\N2_IB3%D5_31.lsm,.lsm,6647382,2018-11-28
L:\02_Duchenne Muscular Dystrophy\Raw Data\Confocal images\PNAS draft\Full worms 100x\N2_IB3%D5_full worm\N2_IB3%D5_32.lsm,.lsm,6334256,2018-11-28
L:\02_Duchenne Muscular Dystrophy\Raw Data\Confocal images\PNAS draft\Full worms 100x\N2_IB3%D5_full worm\N2_IB3%D5_33.lsm,.lsm,7273634,2018-11-28
L:\02_Duchenne Muscular Dystrophy\Raw Data\Confocal images\PNAS draft\Full worms 100x\N2_IB3%D5_full worm\N2_IB3%D5_4.lsm,.lsm,7273632,2018-11-28
L:\02_Duchenne Muscular Dystrophy\Raw Data\Confocal images\PNAS draft\Full worms 100x\N2_IB3%D5_full worm\N2_IB3%D5_5.lsm,.lsm,6960506,2018-11-28
L:\02_Duchenne Muscular Dystrophy\Raw Data\Confocal images\PNAS draft\Full worms 100x\N2_IB3%D5_full worm\N2_IB3%D5_6.lsm,.lsm,6960506,2018-11-28
L:\02_Duchenne Muscular Dystrophy\Raw Data\Confocal images\PNAS draft\Full worms 100x\N2_IB3%D5_full worm\N2_IB3%D5_7.lsm,.lsm,7273632,2018-11-28
L:\02_Duchenne Muscular Dystrophy\Raw Data\Confocal images\PNAS draft\Full worms 100x\N2_IB3%D5_full worm\N2_IB3%D5_8.lsm,.lsm,6021128,2018-11-28
L:\02_Duchenne Muscular Dystrophy\Raw Data\Confocal images\PNAS draft\Full worms 100x\N2_IB3%D5_full worm\N2_IB3%D5_9.lsm,.lsm,6647380,2018-11-28
L:\02_Duchenne Muscular Dystrophy\Raw Data\Confocal images\PNAS draft\Larva out\180503_HKK22larva_B3%out\worm 1\layer 1\HKK22larva_b3%out_w1l1.lsm,.lsm,9152411,2018-05-03
L:\02_Duchenne Muscular Dystrophy\Raw Data\Confocal images\PNAS draft\Larva out\180503_HKK22larva_B3%out\worm 1\layer 2\HKK22larva_b3%out_w1l2.lsm,.lsm,8213033,2018-05-03
L:\02_Duchenne Muscular Dystrophy\Raw Data\Confocal images\PNAS draft\Larva out\180503_HKK22larva_B3%out\worm 2\layer 1\HKK22larva_b3%out_w2l1.lsm,.lsm,8526159,2018-05-03
L:\02_Duchenne Muscular Dystrophy\Raw Data\Confocal images\PNAS draft\Larva out\180503_HKK22larva_B3%out\worm 2\layer 2\HKK22larva_b3%out_w2l2.lsm,.lsm,8213033,2018-05-03
L:\02_Duchenne Muscular Dystrophy\Raw Data\Confocal images\PNAS draft\Larva out\180503_HKK22larva_B3%out\worm 3\layer 1\HKK22larva_b3%out_w3l1.lsm,.lsm,7899907,2018-05-03
L:\02_Duchenne Muscular Dystrophy\Raw Data\Confocal images\PNAS draft\Larva out\180503_HKK22larva_B3%out\worm 3\layer 2\HKK22larva_b3%out_w3l2.lsm,.lsm,7899907,2018-05-03
L:\02_Duchenne Muscular Dystrophy\Raw Data\Confocal images\PNAS draft\Larva out\180503_HKK22larva_B3%out\worm 3\layer 2\HKK22larva_b3%out_w3l2_Max.lsm,.lsm,384891,2018-05-03
L:\02_Duchenne Muscular Dystrophy\Raw Data\Confocal images\PNAS draft\Larva out\180503_HKK22larva_B3%out\worm 4\layer 1\HKK22larva_b3%out_w4l1.lsm,.lsm,7586782,2018-05-03
L:\02_Duchenne Muscular Dystrophy\Raw Data\Confocal images\PNAS draft\Larva out\180503_HKK22larva_B3%out\worm 4\layer 2\HKK22larva_b3%out_w4l2.lsm,.lsm,7586782,2018-05-03
L:\02_Duchenne Muscular Dystrophy\Raw Data\Confocal images\PNAS draft\Larva out\180503_HKK22larva_B3%out\worm 5\layer 1\HKK22larva_b3%out_w5l1.lsm,.lsm,10091789,2018-05-03
L:\02_Duchenne Muscular Dystrophy\Raw Data\Confocal images\PNAS draft\Larva out\180503_HKK22larva_B3%out\worm 5\layer 2\HKK22larva_b3%out_w5l2.lsm,.lsm,7899907,2018-05-03
L:\02_Duchenne Muscular Dystrophy\Raw Data\Confocal images\PNAS draft\Larva out\180503_HKK5larva_B3%out\worm 1\layer 1\HKK5larva_B3%_w1l1.lsm,.lsm,7586774,2018-05-03
L:\02_Duchenne Muscular Dystrophy\Raw Data\Confocal images\PNAS draft\Larva out\180503_HKK5larva_B3%out\worm 1\layer 2\HKK5larva_B3%_w1l2.lsm,.lsm,8213026,2018-05-03
L:\02_Duchenne Muscular Dystrophy\Raw Data\Confocal images\PNAS draft\Larva out\180503_HKK5larva_B3%out\worm 2\layer 1\HKK5larva_B3%_w2l1.lsm,.lsm,9465531,2018-05-03
L:\02_Duchenne Muscular Dystrophy\Raw Data\Confocal images\PNAS draft\Larva out\180503_HKK5larva_B3%out\worm 2\layer 2\HKK5larva_B3%_w2l2.lsm,.lsm,9152405,2018-05-03
L:\02_Duchenne Muscular Dystrophy\Raw Data\Confocal images\PNAS draft\Larva out\180503_HKK5larva_B3%out\worm 3\layer 1\HKK5larva_B3%_w3l1.lsm,.lsm,7899901,2018-05-03
L:\02_Duchenne Muscular Dystrophy\Raw Data\Confocal images\PNAS draft\Larva out\180503_HKK5larva_B3%out\worm 3\layer 2\HKK5larva_B3%_w3l2.lsm,.lsm,8526153,2018-05-03
L:\02_Duchenne Muscular Dystrophy\Raw Data\Confocal images\PNAS draft\Larva out\180503_HKK5larva_B3%out\worm 4\layer 1\HKK5larva_B3%_w4l1.lsm,.lsm,8526151,2018-05-03
L:\02_Duchenne Muscular Dystrophy\Raw Data\Confocal images\PNAS draft\Larva out\180503_HKK5larva_B3%out\worm 4\layer 2\HKK5larva_B3%_w4l2.lsm,.lsm,7586773,2018-05-03
L:\02_Duchenne Muscular Dystrophy\Raw Data\Confocal images\PNAS draft\Larva out\180503_HKK5larva_B3%out\worm 5\layer 1\HKK5larva_B3%_w5l1.lsm,.lsm,6960521,2018-05-03
L:\02_Duchenne Muscular Dystrophy\Raw Data\Confocal images\PNAS draft\Larva out\180503_HKK5larva_B3%out\worm 5\layer 2\HKK5larva_B3%_w5l2.lsm,.lsm,8839277,2018-05-03
L:\02_Duchenne Muscular Dystrophy\Raw Data\Confocal images\PNAS draft\ortho\112818_BZ33_CB3%D5_ortho\BZ33_CB3%D5_1.lsm,.lsm,13849285,2018-11-29
L:\02_Duchenne Muscular Dystrophy\Raw Data\Confocal images\PNAS draft\ortho\112818_BZ33_CB3%D5_ortho\BZ33_CB3%D5_2.lsm,.lsm,16354531,2018-11-29
L:\02_Duchenne Muscular Dystrophy\Raw Data\Confocal images\PNAS draft\ortho\112818_BZ33_CB3%D5_ortho\BZ33_CB3%D5_3.lsm,.lsm,14162409,2018-11-29
L:\02_Duchenne Muscular Dystrophy\Raw Data\Confocal images\PNAS draft\ortho\112818_BZ33_CB3%D5_ortho\BZ33_CB3%D5_4.lsm,.lsm,13223031,2018-11-29
L:\02_Duchenne Muscular Dystrophy\Raw Data\Confocal images\PNAS draft\ortho\112818_BZ33_CB3%D5_ortho\BZ33_CB3%D5_5.lsm,.lsm,12910146,2018-11-29
L:\02_Duchenne Muscular Dystrophy\Raw Data\Confocal images\PNAS draft\ortho\112818_BZ33_CD5_ortho\BZ33_CD5_1.lsm,.lsm,16980538,2018-11-29
L:\02_Duchenne Muscular Dystrophy\Raw Data\Confocal images\PNAS draft\ortho\112818_BZ33_CD5_ortho\BZ33_CD5_2.lsm,.lsm,17919917,2018-11-29
L:\02_Duchenne Muscular Dystrophy\Raw Data\Confocal images\PNAS draft\ortho\112818_BZ33_CD5_ortho\BZ33_CD5_3.lsm,.lsm,21990555,2018-11-29
L:\02_Duchenne Muscular Dystrophy\Raw Data\Confocal images\PNAS draft\ortho\112818_BZ33_CD5_ortho\BZ33_CD5_4.lsm,.lsm,19485546,2018-11-29
L:\02_Duchenne Muscular Dystrophy\Raw Data\Confocal images\PNAS draft\ortho\112818_BZ33_CD5_ortho\BZ33_CD5_5.lsm,.lsm,19485546,2018-11-29
L:\02_Duchenne Muscular Dystrophy\Raw Data\Confocal images\PNAS draft\ortho\112818_BZ33_CD5_ortho\BZ33_CD5_6.lsm,.lsm,17606790,2018-11-29
L:\02_Duchenne Muscular Dystrophy\Raw Data\Confocal images\PNAS draft\ortho\112818_BZ33_CD5_ortho\BZ33_CD5_7.lsm,.lsm,15101782,2018-11-29
L:\02_Duchenne Muscular Dystrophy\Raw Data\Confocal images\PNAS draft\ortho\112818_BZ33_CD5_ortho\BZ33_CD5_8.lsm,.lsm,13536153,2018-11-29
L:\02_Duchenne Muscular Dystrophy\Raw Data\Confocal images\PNAS draft\ortho\112818_N2_CB3%D5_ortho\N2_CB3%D5_1.lsm,.lsm,16667655,2018-11-29
L:\02_Duchenne Muscular Dystrophy\Raw Data\Confocal images\PNAS draft\ortho\112818_N2_CB3%D5_ortho\N2_CB3%D5_2.lsm,.lsm,14162646,2018-11-29
L:\02_Duchenne Muscular Dystrophy\Raw Data\Confocal images\PNAS draft\ortho\112818_N2_CB3%D5_ortho\N2_CB3%D5_3.lsm,.lsm,11657638,2018-11-29
L:\02_Duchenne Muscular Dystrophy\Raw Data\Confocal images\PNAS draft\ortho\112818_N2_CB3%D5_ortho\N2_CB3%D5_4.lsm,.lsm,20425167,2018-11-29
L:\02_Duchenne Muscular Dystrophy\Raw Data\Confocal images\PNAS draft\ortho\112818_N2_CD5_ortho\N2_CD5_1.lsm,.lsm,15101779,2018-11-28
L:\02_Duchenne Muscular Dystrophy\Raw Data\Confocal images\PNAS draft\ortho\112818_N2_CD5_ortho\N2_CD5_10.lsm,.lsm,17919915,2018-11-28
L:\02_Duchenne Muscular Dystrophy\Raw Data\Confocal images\PNAS draft\ortho\112818_N2_CD5_ortho\N2_CD5_2.lsm,.lsm,14475526,2018-11-28
L:\02_Duchenne Muscular Dystrophy\Raw Data\Confocal images\PNAS draft\ortho\112818_N2_CD5_ortho\N2_CD5_3.lsm,.lsm,14162400,2018-11-28
L:\02_Duchenne Muscular Dystrophy\Raw Data\Confocal images\PNAS draft\ortho\112818_N2_CD5_ortho\N2_CD5_4.lsm,.lsm,12596770,2018-11-28
L:\02_Duchenne Muscular Dystrophy\Raw Data\Confocal images\PNAS draft\ortho\112818_N2_CD5_ortho\N2_CD5_5.lsm,.lsm,16354282,2018-11-28
L:\02_Duchenne Muscular Dystrophy\Raw Data\Confocal images\PNAS draft\ortho\112818_N2_CD5_ortho\N2_CD5_6.lsm,.lsm,16041156,2018-11-28
L:\02_Duchenne Muscular Dystrophy\Raw Data\Confocal images\PNAS draft\ortho\112818_N2_CD5_ortho\N2_CD5_7.lsm,.lsm,15728030,2018-11-28
L:\02_Duchenne Muscular Dystrophy\Raw Data\Confocal images\PNAS draft\ortho\112818_N2_CD5_ortho\N2_CD5_8.lsm,.lsm,16354283,2018-11-28
L:\02_Duchenne Muscular Dystrophy\Raw Data\Confocal images\PNAS draft\ortho\112818_N2_CD5_ortho\N2_CD5_9.lsm,.lsm,20111794,2018-11-28
L:\02_Duchenne Muscular Dystrophy\Raw Data\Confocal images\PNAS draft\ortho\112818_N2_IB3%D5_ortho\N2_IB3%D5_ortho_1.lsm,.lsm,12283661,2018-11-28
L:\02_Duchenne Muscular Dystrophy\Raw Data\Confocal images\PNAS draft\ortho\112818_N2_IB3%D5_ortho\N2_IB3%D5_ortho_2.lsm,.lsm,13536165,2018-11-28
L:\02_Duchenne Muscular Dystrophy\Raw Data\Confocal images\PNAS draft\ortho\112818_N2_IB3%D5_ortho\N2_IB3%D5_ortho_3.lsm,.lsm,15414921,2018-11-28
L:\02_Duchenne Muscular Dystrophy\Raw Data\Confocal images\PNAS draft\ortho\112818_N2_IB3%D5_ortho\N2_IB3%D5_ortho_4.lsm,.lsm,20111810,2018-11-28
L:\02_Duchenne Muscular Dystrophy\Raw Data\Confocal images\PNAS draft\ortho\112818_N2_IB3%D5_ortho\N2_IB3%D5_ortho_5.lsm,.lsm,14788669,2018-11-28
L:\02_Duchenne Muscular Dystrophy\Raw Data\Confocal images\PNAS draft\ortho\113018_BZ33_IB3%D5_ortho\BZ33_IB3%D5_w1.lsm,.lsm,15752982,2018-11-30
L:\02_Duchenne Muscular Dystrophy\Raw Data\Confocal images\PNAS draft\ortho\113018_BZ33_IB3%D5_ortho\BZ33_IB3%D5_w2_muscle4.lsm,.lsm,22303944,2018-11-30
L:\02_Duchenne Muscular Dystrophy\Raw Data\Confocal images\PNAS draft\ortho\113018_BZ33_IB3%D5_ortho\BZ33_IB3%D5_w3.lsm,.lsm,22303929,2018-11-30
L:\02_Duchenne Muscular Dystrophy\Raw Data\Confocal images\PNAS draft\ortho\113018_BZ33_IB3%D5_ortho\BZ33_IB3%D5_w4.lsm,.lsm,13536400,2018-11-30
L:\02_Duchenne Muscular Dystrophy\Raw Data\Confocal images\PNAS draft\ortho\113018_BZ33_IB3%D5_ortho\BZ33_IB3%D5_w5.lsm,.lsm,12283655,2018-11-30
L:\02_Duchenne Muscular Dystrophy\Raw Data\Confocal images\try\HKK22_CD3_W4L2_Max_scalebar.lsm,.lsm,686337,2018-03-27
"L:\02_Duchenne Muscular Dystrophy\Raw Data\Nikon confocal\100x silicone oil Z-stack galvano HKK5 - Deconvolved, TypeAutomatic.nd2",.nd2,46538752,2018-12-06
"L:\02_Duchenne Muscular Dystrophy\Raw Data\Nikon confocal\100x silicone oil Z-stack galvano HKK5 head - Deconvolved, TypeAutomatic.nd2",.nd2,80154624,2018-12-06
L:\02_Duchenne Muscular Dystrophy\Raw Data\Nikon confocal\100x silicone oil Z-stack galvano HKK5 head 0.6 AU.nd2,.nd2,80097280,2018-12-06
L:\02_Duchenne Muscular Dystrophy\Raw Data\Nikon confocal\100x silicone oil Z-stack galvano HKK5 head.nd2,.nd2,80097280,2018-12-06
"L:\02_Duchenne Muscular Dystrophy\Raw Data\Nikon confocal\100x silicone oil Z-stack galvano HKK5 tail 0.6 AU - Deconvolved, TypeAutomatic-MaxIP.nd2",.nd2,2220032,2018-12-06
"L:\02_Duchenne Muscular Dystrophy\Raw Data\Nikon confocal\100x silicone oil Z-stack galvano HKK5 tail 0.6 AU - Deconvolved, TypeAutomatic.nd2",.nd2,71839744,2018-12-06
L:\02_Duchenne Muscular Dystrophy\Raw Data\Nikon confocal\100x silicone oil Z-stack galvano HKK5 tail 0.6 AU.nd2,.nd2,71696384,2018-12-06
L:\02_Duchenne Muscular Dystrophy\Raw Data\Nikon confocal\100x silicone oil Z-stack galvano HKK5.nd2,.nd2,46567424,2018-12-06
"L:\02_Duchenne Muscular Dystrophy\Raw Data\Nikon confocal\60X oil Galvano Z-stack GFP + DIC - Deconvolved, TypeAutomatic.nd2",.nd2,210243584,2018-12-04
L:\02_Duchenne Muscular Dystrophy\Raw Data\Nikon confocal\60X oil Galvano Z-stack GFP + DIC.nd2,.nd2,210169856,2018-12-04
"L:\02_Duchenne Muscular Dystrophy\Raw Data\Nikon confocal\60X oil Resonant Z-stack GFP + DIC - Deconvolved, TypeAutomatic.nd2",.nd2,134574080,2018-12-04
L:\02_Duchenne Muscular Dystrophy\Raw Data\Nikon confocal\60X oil Resonant Z-stack GFP + DIC.nd2,.nd2,134602752,2018-12-04
L:\02_Duchenne Muscular Dystrophy\Raw Data\Nikon confocal\6x6 10X resonant large-image stitch.nd2,.nd2,36220928,2018-12-04
L:\02_Duchenne Muscular Dystrophy\Sabrina\231002_N2_phalloidin_crawl-F1_crawl-F2_day1.lif,.lif,9615422549,2023-10-02
L:\02_Duchenne Muscular Dystrophy\Sabrina\231002_N2_phalloidin_crawl-F1_crawl-F2_day1_2.lif,.lif,4816248749,2023-10-02
L:\02_Duchenne Muscular Dystrophy\Sabrina\240220_Swim F2\240220_N2_swim_F2_phalloidin_WGA.lif,.lif,12125793773,2024-02-20
L:\02_Duchenne Muscular Dystrophy\Sabrina\240220_Swim F2\240220_N2_swim_F2_phalloidin_WGA_2.lif,.lif,4699705667,2024-02-20
L:\02_Duchenne Muscular Dystrophy\Sabrina\240222_Swim F2\240222_N2_swim_F2_phalloidin_WGA_1.lif,.lif,12270350547,2024-02-22
L:\02_Duchenne Muscular Dystrophy\Sabrina\240222_Swim F2\240222_N2_swim_F2_phalloidin_WGA_2.lif,.lif,12926249641,2024-02-22
L:\02_Duchenne Muscular Dystrophy\Sabrina\240222_Swim F2\240222_N2_swim_F2_phalloidin_WGA_3.lif,.lif,8722516651,2024-02-22
L:\02_Duchenne Muscular Dystrophy\Sabrina\C. elegans Muscles\231005_N2_phalloidin_swim-F1_swim-F2_day1.lif,.lif,6428093169,2023-10-05
L:\02_Duchenne Muscular Dystrophy\Sabrina\C. elegans Muscles\231005_N2_phalloidin_swim-F1_swim-F2_day1_2.lif,.lif,8417938147,2023-10-20
L:\02_Duchenne Muscular Dystrophy\Sabrina\C. elegans Muscles\231005_N2_swim-F1_swim-F2_day1A.lif,.lif,139645329,2023-10-05
L:\02_Duchenne Muscular Dystrophy\Sabrina\C. elegans Muscles\231115_Swim_F2_63x.lif,.lif,13641661037,2023-11-16
L:\02_Duchenne Muscular Dystrophy\Sabrina\C. elegans Muscles\231115_Swim_F2_WGA_phalloidin.lif,.lif,6543206869,2023-11-15
L:\02_Duchenne Muscular Dystrophy\Sabrina\C. elegans Muscles\231116_Crawl_F2.lif,.lif,5033388305,2023-11-16
L:\02_Duchenne Muscular Dystrophy\Sabrina\C. elegans Muscles\231116_Swim_F2_63x.lif,.lif,7428495955,2023-11-16
L:\02_Duchenne Muscular Dystrophy\Sabrina\dys-1 KO_day5 adult\240224_VG03_dys-1KO_day5adullt_phalloidin_3.lif,.lif,10417170487,2024-02-24
L:\02_Duchenne Muscular Dystrophy\Sabrina\dys-1 KO_day5 adult\240224_VG03_dys-1KO_day5Adult_phalloidin_2.lif,.lif,9901698455,2024-02-24
L:\02_Duchenne Muscular Dystrophy\Sabrina\dys-1 KO_day5 adult\240224_VG03_dys-1KO_day5A_phalloidin_1.lif,.lif,9517176817,2024-02-24
L:\02_Duchenne Muscular Dystrophy\Sabrina\dys-1 KO_day5 adult\240225_VG03_dys-1KO_day5adult_phalloidin_1.lif,.lif,9639798620,2024-02-25
L:\02_Duchenne Muscular Dystrophy\Sabrina\dys-1 KO_day5 adult\240225_VG03_dys-1KO_day5adult_phalloidin_2.lif,.lif,3581880731,2024-02-25
L:\02_Duchenne Muscular Dystrophy\Sabrina\Here are new images from 240204\240204_N2_crawl_phalloidin and WGA_Final.lif,.lif,17038558633,2024-02-04
L:\03_Magnetic Transduction\'tope\Confocal\7-30-21\Sdhb-1.lif,.lif,351648681,2021-07-30
L:\03_Magnetic Transduction\'tope\Confocal\8-11-21\sdhb1..gfp.lif,.lif,1130635297,2021-08-11
L:\03_Magnetic Transduction\'tope\Confocal\8-11-21\Trp1..gfp.lif,.lif,773336295,2021-08-11
L:\03_Magnetic Transduction\'tope\Confocal\8-2-21\Trp-1-GFP worm 1.lif,.lif,908619439,2021-08-02
"L:\03_Magnetic Transduction\Raw Data\Nikon confocal\100x silicone oil AFD galvo Z-stack #2 - Deconvolved, TypeAutomatic.nd2",.nd2,107384832,2018-12-06
L:\03_Magnetic Transduction\Raw Data\Nikon confocal\100x silicone oil AFD galvo Z-stack #2.nd2,.nd2,107413504,2018-12-06
"L:\03_Magnetic Transduction\Raw Data\Nikon confocal\100x silicone oil AFD galvo Z-stack #3 - Deconvolved, TypeAutomatic.nd2",.nd2,27787264,2018-12-06
L:\03_Magnetic Transduction\Raw Data\Nikon confocal\100x silicone oil AFD galvo Z-stack #3.nd2,.nd2,27725824,2018-12-06
"L:\03_Magnetic Transduction\Raw Data\Nikon confocal\100x silicone oil AFD galvo Z-stack - Deconvolved, TypeAutomatic.nd2",.nd2,51822592,2018-12-06
L:\03_Magnetic Transduction\Raw Data\Nikon confocal\100x silicone oil AFD galvo Z-stack.nd2,.nd2,51830784,2018-12-06
"L:\03_Magnetic Transduction\Raw Data\Nikon confocal\100x silicone oil AFD resonant Z-stack #4 - Deconvolved, TypeAutomatic.nd2",.nd2,115810304,2018-12-06
L:\03_Magnetic Transduction\Raw Data\Nikon confocal\100x silicone oil AFD resonant Z-stack #4.nd2,.nd2,115818496,2018-12-06
"L:\03_Magnetic Transduction\Raw Data\Nikon confocal\AFD 60X oil Galvano Z-stack GFP + DIC - Deconvolved, TypeAutomatic.nd2",.nd2,302362624,2018-12-04
"L:\03_Magnetic Transduction\Raw Data\Nikon confocal\AFD 60X oil Galvano Z-stack GFP + DIC Even Better! - Deconvolved, TypeAutomatic.nd2",.nd2,121978880,2018-12-04
L:\03_Magnetic Transduction\Raw Data\Nikon confocal\AFD 60X oil Galvano Z-stack GFP + DIC Even Better!.nd2,.nd2,122007552,2018-12-04
L:\03_Magnetic Transduction\Raw Data\Nikon confocal\AFD 60X oil Galvano Z-stack GFP + DIC.nd2,.nd2,302391296,2018-12-04
"L:\03_Magnetic Transduction\Raw Data\Nikon confocal\AFD 60X oil Resonant Z-stack GFP + DIC - Deconvolved, TypeAutomatic.nd2",.nd2,231137280,2018-12-04
L:\03_Magnetic Transduction\Raw Data\Nikon confocal\AFD 60X oil Resonant Z-stack GFP + DIC.nd2,.nd2,231165952,2018-12-04
L:\03_Magnetic Transduction\Raw Data\Nikon confocal\DYS 60X oil 4x4 17.16 micron Z-stack resonant.nd2,.nd2,1695051776,2018-12-04
L:\03_Magnetic Transduction\Raw Data\Nikon confocal\Galvo 10X GFP + DIC.nd2,.nd2,17027072,2018-12-04
L:\05_Proprioception\Andres pezo\102820_OH15500 pezo crosses.lif,.lif,1141680479,2020-10-28
L:\05_Proprioception\Andres pezo\10920_OH15500xpezo-1.lif,.lif,4935571955,2020-10-30
L:\05_Proprioception\Andres pezo\confocal pezo\012821_Pezo-1_6k.lif,.lif,1921564221,2021-03-01
L:\05_Proprioception\Andres pezo\confocal pezo\10220_pezo-1_6Xmscarlett.lif,.lif,1540947474,2021-03-08
L:\05_Proprioception\Andres pezo\confocal pezo\10220_pezo_1_5AGV9_3ah_3ij.lif,.lif,1392968418,2020-10-08
L:\05_Proprioception\Andres pezo\confocal pezo\102820_OH15500 pezo crosses.lif,.lif,1141681655,2020-11-12
L:\05_Proprioception\Andres pezo\confocal pezo\10420_pezo-1_4ah 5ijlif.lif,.lif,4038830140,2020-10-08
L:\05_Proprioception\Andres pezo\confocal pezo\10720_pezo-1_3ah.lif,.lif,2174931951,2020-10-07
L:\05_Proprioception\Andres pezo\confocal pezo\10920_OH15500.lif,.lif,4072983457,2020-11-30
L:\05_Proprioception\Andres pezo\confocal pezo\10920_OH15500xpezo-1.lif,.lif,4935571955,2020-10-30
L:\05_Proprioception\Andres pezo\confocal pezo\11020_pezo-1_7AVG9 .lif,.lif,3159984491,2020-10-08
L:\05_Proprioception\Andres pezo\confocal pezo\112420_AVG10.lif,.lif,1747625063,2020-11-24
L:\05_Proprioception\Andres pezo\confocal pezo\1820_pezo-1 12ah bad.lif,.lif,484702483,2020-01-08
L:\05_Proprioception\Andres pezo\confocal pezo\91620_31720_AVG9 pezo-1.lif,.lif,1395697925,2020-10-08
L:\05_Proprioception\Andres pezo\confocal pezo\92420_pezo-1_12ah1ij.lif,.lif,4334518393,2020-09-25
L:\05_Proprioception\Ella\Myocyte Measurements\240619_BZ33_day5A_crawl_phall_9\240619_BZ33_day5A_crawl_phall_9.lif,.lif,7659485516,2026-06-10
L:\10_AGVG LAB\09_Individual Folders\Jessica\Rainbow worm\072721_Nmgp-1-GFP in rainbow worms.lif,.lif,874653241,2021-12-18
L:\10_AGVG LAB\09_Individual Folders\Jessica\Rainbow worm\081021_Nmgp-1-GFP in OH15500.lif,.lif,526154719,2021-08-10
L:\10_AGVG LAB\Confocal E drive backup\Danny\250612.lif,.lif,19809427,2025-06-12
L:\10_AGVG LAB\Confocal E drive backup\Jessica\012821_Pezo-1_K isoform.lif,.lif,1921563433,2021-01-28
L:\10_AGVG LAB\Confocal E drive backup\Jessica\072721_Nmgp-1-GFP in rainbow worms.lif,.lif,874652435,2021-07-27
L:\10_AGVG LAB\Confocal E drive backup\Jessica\081021_Nmgp-1-GFP in OH15500.lif,.lif,526154719,2021-08-10
L:\10_AGVG LAB\Confocal E drive backup\Kiley\102820_OH15500 pezo crosses.lif,.lif,1141680479,2020-10-28
L:\10_AGVG LAB\Confocal E drive backup\Kiley\10421_larva_CH1878 and WB141.lif,.lif,23715867459,2021-11-17
L:\10_AGVG LAB\Confocal E drive backup\Kiley\10621_DM8005 larva.lif,.lif,8615620783,2021-10-06
L:\10_AGVG LAB\Confocal E drive backup\Kiley\10720_N2_IBD5.lif,.lif,394470813,2020-10-07
L:\10_AGVG LAB\Confocal E drive backup\Kiley\10720_N2_ISD5.lif,.lif,421211525,2020-10-07
L:\10_AGVG LAB\Confocal E drive backup\Kiley\10920_OH15500xpezo-1.lif,.lif,4935571955,2020-10-30
L:\10_AGVG LAB\Confocal E drive backup\Kiley\11020_pezo-1.lif,.lif,3159982709,2020-01-10
L:\10_AGVG LAB\Confocal E drive backup\Kiley\112320_AVG10.lif,.lif,2712215069,2020-11-23
L:\10_AGVG LAB\Confocal E drive backup\Kiley\112420_AVG10.lif,.lif,1747625063,2020-11-24
L:\10_AGVG LAB\Confocal E drive backup\Kiley\112421_nmgp-1.lif,.lif,1150119861,2021-11-24
L:\10_AGVG LAB\Confocal E drive backup\Kiley\11720_pezo-1.lif,.lif,6897580011,2020-01-17
L:\10_AGVG LAB\Confocal E drive backup\Kiley\12621_pezo iso L.lif,.lif,1389203877,2021-01-26
L:\10_AGVG LAB\Confocal E drive backup\Kiley\1820_pezo-1.lif,.lif,484702871,2020-03-17
L:\10_AGVG LAB\Confocal E drive backup\Kiley\21920_pdysL.lif,.lif,638693463,2020-02-19
L:\10_AGVG LAB\Confocal E drive backup\Kiley\61821_VG01.lif,.lif,236758599,2021-06-18
L:\10_AGVG LAB\Confocal E drive backup\Kiley\71219_no remote-later.lif,.lif,887371651,2019-07-12
L:\10_AGVG LAB\Confocal E drive backup\Kiley\71219_no remote.lif,.lif,880929969,2019-07-12
L:\10_AGVG LAB\Confocal E drive backup\Kiley\71219_remote.lif,.lif,1493909949,2019-07-12
L:\10_AGVG LAB\Confocal E drive backup\Kiley\71619.lif,.lif,202795457,2019-07-16
L:\10_AGVG LAB\Confocal E drive backup\Kiley\71619_non remote IHC_FLIM.lif,.lif,384817839,2019-07-16
L:\10_AGVG LAB\Confocal E drive backup\Kiley\71619_remote in vitro.lif,.lif,3848015695,2019-07-16
L:\10_AGVG LAB\Confocal E drive backup\Kiley\81821_CH1878_BAD.lif,.lif,215746947,2021-08-18
L:\10_AGVG LAB\Confocal E drive backup\Kiley\81821_WB141_eggs.lif,.lif,943250103,2021-08-18
L:\10_AGVG LAB\Confocal E drive backup\Kiley\81919_crayfish REMOT.lif,.lif,1689844063,2019-08-19
L:\10_AGVG LAB\Confocal E drive backup\Kiley\81921_CH1878_eggs.lif,.lif,439922087,2021-08-19
L:\10_AGVG LAB\Confocal E drive backup\Kiley\82621_L1.lif,.lif,3240719761,2021-08-26
L:\10_AGVG LAB\Confocal E drive backup\Kiley\91620_31720_AVG9 pezo-1.lif,.lif,1276454631,2020-09-16
L:\10_AGVG LAB\Confocal E drive backup\Kiley\91819_brine shrimp.lif,.lif,38584913,2019-09-18
L:\10_AGVG LAB\Confocal E drive backup\Kiley\92721_CH1878.lif,.lif,1932279955,2021-09-27
L:\10_AGVG LAB\Confocal E drive backup\Kiley\9619_cas9.lif,.lif,144355873,2019-09-06
L:\10_AGVG LAB\Confocal E drive backup\Kiley\9721_lightning.lif,.lif,1030297109,2021-09-07
L:\10_AGVG LAB\Confocal E drive backup\Kiley\9821_L1.lif,.lif,1851822009,2021-09-08
L:\10_AGVG LAB\Confocal E drive backup\Kiley\DM8005 eggs.lif,.lif,449839989,2021-08-18
